timestamp,spot,atm_call_strike,atm_call_ltp,atm_call_delta,atm_call_iv,atm_put_strike,atm_put_ltp,atm_put_delta,atm_put_iv,combined_premium_pct,iv_rank,source_date
2024-11-13 09:15:00+05:30,23838.85,23850,275.0,,11.75211,23850,226.0,,13.800679,0.021016114451829684,0.0,2024-11-13
2024-11-13 09:17:00+05:30,23832.55,23850,292.4,,12.8429,23850,222.25,,13.461119,0.021594416040247477,0.5170956479280193,2024-11-13
2024-11-13 09:18:00+05:30,23849.15,23850,297.7,,12.632537,23850,222.8,,13.870162,0.021824677189753092,0.41737178560338994,2024-11-13
2024-11-13 09:19:00+05:30,23831.75,23850,291.05,,12.796742,23850,232.6,,13.980415,0.021972788402026707,0.4952141666923446,2024-11-13
2024-11-13 09:20:00+05:30,23808.75,23800,307.4,,12.886766,23800,224.2,,14.185674,0.022327925657583868,0.5378905925938213,2024-11-13
2024-11-13 09:21:00+05:30,23826.25,23850,288.2,,12.808194,23850,233.05,,13.876258,0.021877131315251035,0.5006430570929458,2024-11-13
2024-11-13 09:22:00+05:30,23857.3,23850,297.5,,12.38014,23850,223.55,,14.09456,0.021840275303575844,0.29772144937910533,2024-11-13
2024-11-13 09:23:00+05:30,23864.9,23850,301.4,,12.354807,23850,218.15,,13.983537,0.021770466249596686,0.2857121863230071,2024-11-13
2024-11-13 09:24:00+05:30,23859.35,23850,295.75,,12.227489,23850,222.6,,14.091622,0.02172523559946101,0.2253563124124478,2024-11-13
2024-11-13 09:25:00+05:30,23847.05,23850,300.0,,12.81766,23850,220.35,,13.696306,0.021820309010967816,0.5051304720887622,2024-11-13
2024-11-13 09:26:00+05:30,23831.7,23850,285.75,,12.525559,23850,233.5,,14.027452,0.021788206464498965,0.36665821266630444,2024-11-13
2024-11-13 09:27:00+05:30,23822.9,23800,307.15,,12.446031,23800,218.85,,14.224216,0.022079595683145208,0.32895747953855353,2024-11-13
2024-11-13 09:28:00+05:30,23820.55,23800,308.15,,12.571335,23800,217.05,,14.077795,0.022048189483450217,0.388358604473667,2024-11-13
2024-11-13 09:29:00+05:30,23800.4,23800,298.4,,12.669255,23800,228.3,,14.212312,0.022129880170081176,0.43477817730171986,2024-11-13
2024-11-13 09:30:00+05:30,23819.75,23800,307.7,,12.573022,23800,220.2,,14.225463,0.02216228130018157,0.3891583371060296,2024-11-13
2024-11-13 09:31:00+05:30,23853.25,23850,297.0,,12.479256,23850,224.45,,14.051884,0.021860752727615736,0.3447079932968464,2024-11-13
2024-11-13 09:32:00+05:30,23836.75,23850,287.1,,12.451175,23850,235.25,,14.236536,0.021913641750658124,0.3313960240915303,2024-11-13
2024-11-13 09:33:00+05:30,23821.7,23800,308.75,,12.569728,23800,220.75,,14.298426,0.022227632788591915,0.38759679632890925,2024-11-13
2024-11-13 09:34:00+05:30,23784.25,23800,293.0,,12.86491,23800,236.3,,14.258681,0.022254222857563302,0.5275296225802398,2024-11-13
2024-11-13 09:35:00+05:30,23799.0,23800,300.0,,12.79712,23800,226.95,,14.111243,0.022141686625488467,0.4953933598962762,2024-11-13
2024-11-13 09:36:00+05:30,23792.1,23800,298.35,,12.915215,23800,232.4,,14.23751,0.022307824866237114,0.5513770144421187,2024-11-13
2024-11-13 09:37:00+05:30,23791.5,23800,298.3,,12.93066,23800,230.45,,14.122305,0.022224323813126536,0.5586988108302852,2024-11-13
2024-11-13 09:38:00+05:30,23797.75,23800,304.05,,13.047167,23800,226.65,,14.067695,0.02230042756142913,0.6139296642971761,2024-11-13
2024-11-13 09:39:00+05:30,23784.25,23800,293.4,,12.887871,23800,235.5,,14.218132,0.022237405005413245,0.5384144245788605,2024-11-13
2024-11-13 09:40:00+05:30,23783.7,23800,290.0,,12.727056,23800,236.75,,14.270626,0.02214752120149514,0.4621790936521514,2024-11-13
2024-11-13 09:41:00+05:30,23786.95,23800,295.7,,12.929938,23800,233.05,,14.153602,0.022228574911873945,0.5583565423296537,2024-11-13
2024-11-13 09:42:00+05:30,23780.0,23800,291.2,,12.897834,23800,236.0,,14.145894,0.02216989066442389,0.5431374454539202,2024-11-13
2024-11-13 09:43:00+05:30,23766.1,23750,314.1,,13.059813,23750,221.45,,14.237349,0.022534197870075445,0.6199245776752762,2024-11-13
2024-11-13 09:44:00+05:30,23755.6,23750,310.45,,13.185022,23750,224.7,,14.170772,0.02252731987405075,0.6792806672813592,2024-11-13
2024-11-13 09:45:00+05:30,23751.95,23750,304.45,,12.97983,23750,224.3,,14.067009,0.0222613301223689,0.5820081490242738,2024-11-13
2024-11-13 09:46:00+05:30,23753.1,23750,305.6,,13.006233,23750,226.25,,14.195482,0.022390761626903437,0.594524652102083,2024-11-13
2024-11-13 09:47:00+05:30,23718.15,23700,319.15,,13.299209,23700,220.65,,14.267534,0.022758941991681474,0.7334117106077157,2024-11-13
2024-11-13 09:48:00+05:30,23735.1,23750,296.5,,13.062014,23750,234.6,,14.217942,0.02237614334887993,0.620967975140498,2024-11-13
2024-11-13 09:49:00+05:30,23722.65,23700,317.15,,13.056941,23700,226.25,,14.663618,0.022906378503244788,0.6185630885702704,2024-11-13
2024-11-13 09:50:00+05:30,23744.3,23750,295.45,,12.737672,23750,233.8,,14.389537,0.022289560020720762,0.4672116731572845,2024-11-13
2024-11-13 09:51:00+05:30,23773.1,23750,309.0,,12.580213,23750,215.65,,14.090993,0.022069061249900098,0.39256727448559003,2024-11-13
2024-11-13 09:52:00+05:30,23781.55,23800,286.0,,12.586076,23800,237.3,,14.251823,0.02200445303186714,0.39534666537091334,2024-11-13
2024-11-13 09:53:00+05:30,23770.0,23750,307.4,,12.592054,23750,220.15,,14.258735,0.02219394194362642,0.39818057270716795,2024-11-13
2024-11-13 09:54:00+05:30,23772.0,23750,305.4,,12.425345,23750,223.1,,14.458647,0.022232037691401647,0.3191511551561896,2024-11-13
2024-11-13 09:55:00+05:30,23768.3,23750,307.9,,12.671391999999999,23750,222.9,,14.3655,0.022332266085500433,0.4357912351768579,2024-11-13
2024-11-13 09:56:00+05:30,23766.45,23750,307.35,,12.699387,23750,221.55,,14.253329,0.022254059819619677,0.44906243555799935,2024-11-13
2024-11-13 09:57:00+05:30,23772.0,23750,314.45,,12.904168,23750,216.35,,14.104599,0.02232879017331314,0.5461401167600162,2024-11-13
2024-11-13 09:58:00+05:30,23757.35,23750,303.1,,12.752613,23750,221.85,,14.064214,0.022096319665282537,0.47429454527354215,2024-11-13
2024-11-13 09:59:00+05:30,23793.9,23800,290.75,,12.474693,23800,231.7,,14.247437,0.02195730838576274,0.3425448753350984,2024-11-13
2024-11-13 10:00:00+05:30,23784.9,23800,288.25,,12.609143,23800,231.9,,14.050291,0.0218689168337895,0.40628171731560964,2024-11-13
2024-11-13 10:01:00+05:30,23770.7,23750,310.0,,12.71109,23750,216.5,,14.084352,0.022149116349118873,0.45461031403846025,2024-11-13
2024-11-13 10:02:00+05:30,23768.5,23750,309.1,,12.731496,23750,216.9,,14.056414,0.02213013021435934,0.464283902714208,2024-11-13
2024-11-13 10:03:00+05:30,23765.55,23750,310.8,,12.911472999999999,23750,216.95,,13.99315,0.022206513209246156,0.5496030965344123,2024-11-13
2024-11-13 10:04:00+05:30,23742.0,23750,300.0,,13.049705,23750,227.1,,13.989477,0.02220116249684104,0.6151328186664323,2024-11-13
2024-11-13 10:05:00+05:30,23727.1,23750,295.15,,13.23076,23750,234.7,,14.039993,0.022331005474752495,0.7009630449571096,2024-11-13
2024-11-13 10:06:00+05:30,23721.15,23700,320.95,,13.310956,23700,216.3,,14.10996,0.022648564677513524,0.7389804475563587,2024-11-13
2024-11-13 10:07:00+05:30,23710.45,23700,315.0,,13.322586,23700,223.7,,14.258571,0.022719939942093044,0.7444937199418802,2024-11-13
2024-11-13 10:08:00+05:30,23715.1,23700,315.75,,13.221861,23700,217.6,,14.04308,0.02248989040737758,0.6967444197671911,2024-11-13
2024-11-13 10:09:00+05:30,23718.2,23700,315.0,,13.088356,23700,219.8,,14.228795,0.022548085436500238,0.6334555607965084,2024-11-13
2024-11-13 10:10:00+05:30,23727.45,23750,291.25,,13.019253,23750,232.35,,13.92671,0.02206726807979787,0.6006968624597351,2024-11-13
2024-11-13 10:11:00+05:30,23726.75,23750,295.6,,13.266906,23750,232.9,,13.939192,0.022274437080510395,0.7180982765690664,2024-11-13
2024-11-13 10:12:00+05:30,23721.05,23700,319.2,,13.224254,23700,217.65,,14.18016,0.022631797496316563,0.6978788360026641,2024-11-13
2024-11-13 10:13:00+05:30,23697.7,23700,304.3,,13.14415,23700,232.65,,14.4383,0.022658317051865794,0.6599050465641596,2024-11-13
2024-11-13 10:14:00+05:30,23694.55,23700,300.95,,13.06211,23700,231.4,,14.300415,0.022467191822592117,0.621013484525624,2024-11-13
2024-11-13 10:15:00+05:30,23681.35,23700,296.35,,13.208579,23700,238.5,,14.365182,0.022585283355889763,0.6904480067126343,2024-11-13
2024-11-13 10:16:00+05:30,23682.85,23700,296.8,,13.188928,23700,241.05,,14.533854,0.0227105268158182,0.681132330388655,2024-11-13
2024-11-13 10:17:00+05:30,23704.75,23700,305.2,,12.982649,23700,230.75,,14.501261,0.022609392632278343,0.5833445131562418,2024-11-13
2024-11-13 10:18:00+05:30,23714.0,23700,315.9,,13.267493,23700,222.8,,14.294018,0.02271653875347896,0.7183765474968651,2024-11-13
2024-11-13 10:19:00+05:30,23708.85,23700,312.65,,13.252315,23700,224.7,,14.277459,0.02266453244252673,0.7111813240860786,2024-11-13
2024-11-13 10:20:00+05:30,23696.95,23700,303.8,,13.143175,23700,233.8,,14.482859,0.02268646386982291,0.6594428418714782,2024-11-13
2024-11-13 10:21:00+05:30,23692.9,23700,302.75,,13.208327,23700,233.7,,14.384309,0.02264180408476801,0.6903285445766798,2024-11-13
2024-11-13 10:22:00+05:30,23684.55,23700,299.8,,13.299059,23700,239.4,,14.488682,0.0227658959110475,0.7333406021934572,2024-11-13
2024-11-13 10:23:00+05:30,23688.1,23700,301.1,,13.263812,23700,234.7,,14.325755,0.022618952132083196,0.7166315470109574,2024-11-13
2024-11-13 10:24:00+05:30,23705.3,23700,309.3,,13.184872,23700,228.85,,14.415673,0.022701674309120744,0.6792095588671008,2024-11-13
2024-11-13 10:25:00+05:30,23742.45,23750,296.7,,12.87261,23750,235.5,,14.443457,0.0224155468369945,0.5311798545121842,2024-11-13
2024-11-13 10:26:00+05:30,23721.3,23700,318.3,,13.175173,23700,218.8,,14.249444,0.022642098030040515,0.6746116888011352,2024-11-13
2024-11-13 10:27:00+05:30,23731.4,23750,289.3,,12.810061,23750,237.8,,14.307126,0.02221107899238983,0.5015281198224181,2024-11-13
2024-11-13 10:28:00+05:30,23731.3,23750,289.2,,12.808164,23750,238.5,,14.341535,0.0222364556513971,0.5006288354100937,2024-11-13
2024-11-13 10:29:00+05:30,23729.0,23750,285.5,,12.682052,23750,235.0,,14.105283,0.021935184794976612,0.440844673150174,2024-11-13
2024-11-13 10:30:00+05:30,23739.05,23750,291.15,,12.684259,23750,232.25,,14.196032,0.02204806005295073,0.44189091495196653,2024-11-13
2024-11-13 10:31:00+05:30,23716.9,23700,308.2,,12.77851,23700,222.15,,14.328133,0.02236169145208691,0.4865711759672524,2024-11-13
2024-11-13 10:32:00+05:30,23722.1,23700,310.2,,12.724922,23700,219.9,,14.326669,0.022346250964290684,0.46116745794529823,2024-11-13
2024-11-13 10:33:00+05:30,23734.9,23750,290.0,,12.747085,23750,232.95,,14.136881,0.02203295568972273,0.47167396318006305,2024-11-13
2024-11-13 10:34:00+05:30,23742.6,23750,293.4,,12.699086,23750,232.5,,14.29209,0.02215005938692477,0.4489197446733868,2024-11-13
2024-11-13 10:35:00+05:30,23753.65,23750,296.95,,12.556379,23750,224.55,,14.129658,0.02195452067366489,0.38126862151598373,2024-11-13
2024-11-13 10:36:00+05:30,23748.95,23750,295.0,,12.595178,23750,225.0,,14.046104,0.0218957048627413,0.399661523948129,2024-11-13
2024-11-13 10:37:00+05:30,23747.05,23750,292.5,,12.521051,23750,230.25,,14.277567,0.02201326059447384,0.36452116778978444,2024-11-13
2024-11-13 10:38:00+05:30,23751.95,23750,295.15,,12.514100000000001,23750,226.6,,14.198939,0.02196661747772288,0.3612260038730386,2024-11-13
2024-11-13 10:39:00+05:30,23729.35,23750,282.05,,12.495704,23750,234.45,,14.086917,0.021766293640575914,0.3525052679483562,2024-11-13
2024-11-13 10:40:00+05:30,23720.55,23700,307.25,,12.620017,23700,220.35,,14.317419,0.02224231731557658,0.4114366032932679,2024-11-13
2024-11-13 10:41:00+05:30,23711.55,23700,307.75,,12.92204,23700,222.65,,14.235801,0.022368845562605565,0.5546124472908882,2024-11-13
2024-11-13 10:42:00+05:30,23713.25,23700,308.6,,12.915678,23700,224.8,,14.387611,0.0224937534922459,0.5515965024141304,2024-11-13
2024-11-13 10:43:00+05:30,23710.05,23700,309.95,,13.084309,23700,225.5,,14.35209,0.022583250562525175,0.6315370557798099,2024-11-13
2024-11-13 10:44:00+05:30,23706.15,23700,307.25,,13.060086,23700,227.85,,14.387033,0.022572201728243514,0.620053994989227,2024-11-13
2024-11-13 10:45:00+05:30,23712.25,23700,312.7,,13.163578,23700,223.6,,14.302514,0.02261700176069331,0.669115008378941,2024-11-13
2024-11-13 10:46:00+05:30,23718.15,23700,313.5,,13.026696,23700,221.7,,14.33594,0.022564997691641213,0.6042252619752491,2024-11-13
2024-11-13 10:47:00+05:30,23723.35,23700,317.45,,13.076435,23700,216.0,,14.152332,0.022486284609888572,0.6278043380873257,2024-11-13
2024-11-13 10:48:00+05:30,23733.5,23750,290.75,,12.833543,23750,231.0,,14.005632,0.021983693934733605,0.5126599050465643,2024-11-13
2024-11-13 10:49:00+05:30,23726.8,23750,291.85,,13.085951,23750,233.35,,13.971836,0.02213530691032925,0.6323154558878948,2024-11-13
2024-11-13 10:50:00+05:30,23730.35,23750,286.65,,12.711722,23750,231.2,,13.942978,0.02182226557973228,0.4549099174905365,2024-11-13
2024-11-13 10:51:00+05:30,23734.65,23750,290.8,,12.803833,23750,231.2,,14.043503,0.021993161896215026,0.4985756984623985,2024-11-13
2024-11-13 10:52:00+05:30,23748.65,23750,296.4,,12.684358,23750,227.85,,14.191944,0.022074938996532432,0.44193784650537665,2024-11-13
2024-11-13 10:53:00+05:30,23775.85,23800,279.85,,12.455891,23800,238.25,,14.181138,0.021791019038225765,0.3336316726358226,2024-11-13
2024-11-13 10:54:00+05:30,23758.2,23750,299.35,,12.553366,23750,225.3,,14.276639,0.02208290190334285,0.37984029050157514,2024-11-13
2024-11-13 10:55:00+05:30,23751.75,23750,300.0,,12.782073,23750,225.35,,14.132584,0.02211837022535182,0.48826023783394296,2024-11-13
2024-11-13 10:56:00+05:30,23747.25,23750,295.5,,12.680519,23750,231.0,,14.325611,0.022170988219688596,0.44011794515645036,2024-11-13
2024-11-13 10:57:00+05:30,23739.4,23750,291.5,,12.70363,23750,234.7,,14.338114,0.02216568236770938,0.4510738555693296,2024-11-13
2024-11-13 10:58:00+05:30,23734.55,23750,289.65,,12.749519,23750,235.45,,14.264745,0.022123865841147186,0.47282781571543314,2024-11-13
2024-11-13 10:59:00+05:30,23735.55,23750,291.0,,12.791343,23750,233.95,,14.209881,0.022116614108373307,0.49265473783512764,2024-11-13
2024-11-13 11:00:00+05:30,23739.0,23750,291.85,,12.735007,23750,232.7,,14.224925,0.02209654998104385,0.4659483136639555,2024-11-13
2024-11-13 11:01:00+05:30,23739.85,23750,294.65,,12.857112,23750,233.4,,14.281455,0.022243190247621614,0.52383293315098,2024-11-13
2024-11-13 11:02:00+05:30,23731.05,23750,290.65,,12.905604,23750,237.8,,14.306596,0.02226829407042672,0.5468208613125191,2024-11-13
2024-11-13 11:03:00+05:30,23727.3,23750,285.85,,12.763883,23750,236.55,,14.153592,0.022016832930843378,0.4796371574648426,2024-11-13
2024-11-13 11:04:00+05:30,23726.2,23750,286.8,,12.845790000000001,23750,235.6,,14.078358,0.02201785368074112,0.5184656700427365,2024-11-13
2024-11-13 11:05:00+05:30,23719.9,23700,312.35,,12.9205,23700,215.8,,14.068498,0.02226611410672052,0.5538824009044991,2024-11-13
2024-11-13 11:06:00+05:30,23719.75,23700,314.2,,13.023364,23700,217.65,,14.162913,0.022422243067485956,0.6026457070665174,2024-11-13
2024-11-13 11:07:00+05:30,23716.85,23700,309.05,,12.840352,23700,219.15,,14.176993,0.02227108574705326,0.5158877529978118,2024-11-13
2024-11-13 11:08:00+05:30,23715.7,23700,305.6,,12.693603,23700,219.15,,14.151296,0.022126692444245793,0.4463204951041853,2024-11-13
2024-11-13 11:09:00+05:30,23716.2,23700,305.0,,12.646993,23700,219.75,,14.194402,0.022126225955254215,0.4242247405135449,2024-11-13
2024-11-13 11:10:00+05:30,23709.8,23700,301.85,,12.676225,23700,223.1,,14.226181,0.02214063383073666,0.4380823482842726,2024-11-13
2024-11-13 11:11:00+05:30,23707.05,23700,301.25,,12.728312,23700,222.95,,14.155972,0.022111565968773006,0.46277450810754456,2024-11-13
2024-11-13 11:12:00+05:30,23704.8,23700,302.0,,12.836156,23700,223.3,,14.1233,0.022160068846815834,0.5138986136229502,2024-11-13
2024-11-13 11:13:00+05:30,23715.75,23700,309.1,,12.879197,23700,218.0,,14.092924,0.02222573606147813,0.5343024620103293,2024-11-13
2024-11-13 11:14:00+05:30,23710.3,23700,306.25,,12.894966,23700,222.25,,14.193687,0.022289890891300405,0.5417778525732949,2024-11-13
2024-11-13 11:15:00+05:30,23713.9,23700,307.9,,12.873094,23700,219.4,,14.125374,0.022235903836990117,0.5314092976621922,2024-11-13
2024-11-13 11:16:00+05:30,23716.2,23700,305.95,,12.700203,23700,217.25,,14.06419,0.022060869785210113,0.4494492653315666,2024-11-13
2024-11-13 11:17:00+05:30,23708.3,23700,302.2,,12.743151,23700,219.85,,14.022626,0.022019714614712988,0.4698090265021055,2024-11-13
2024-11-13 11:18:00+05:30,23696.9,23700,297.35,,12.830475999999999,23700,225.9,,14.080094,0.022080947296903814,0.5112059750030216,2024-11-13
2024-11-13 11:19:00+05:30,23690.85,23700,294.9,,12.881574,23700,227.5,,14.02451,0.02205070734059774,0.535429293348282,2024-11-13
2024-11-13 11:20:00+05:30,23702.3,23700,300.55,,12.838315,23700,221.65,,13.981175,0.02203161718483017,0.5149221007321794,2024-11-13
2024-11-13 11:21:00+05:30,23704.45,23700,301.7,,12.834719,23700,220.65,,13.977921,0.022035946836986304,0.5132173950143518,2024-11-13
2024-11-13 11:22:00+05:30,23710.9,23700,304.6,,12.793092,23700,216.6,,13.911562,0.021981451568687818,0.4934838619453837,2024-11-13
2024-11-13 11:23:00+05:30,23714.2,23700,308.9,,12.920213,23700,214.0,,13.849315,0.022050079699083246,0.5537463468052175,2024-11-13
2024-11-13 11:24:00+05:30,23716.8,23700,310.0,,12.899402,23700,212.9,,13.850042,0.022047662416514874,0.5438807654109711,2024-11-13
2024-11-13 11:25:00+05:30,23720.95,23700,310.65,,12.806856,23700,210.15,,13.798141,0.02195527582158387,0.5000087700377583,2024-11-13
2024-11-13 11:26:00+05:30,23722.25,23700,308.85,,12.671839,23700,209.95,,13.816839,0.02186976361854377,0.4360031382513493,2024-11-13
2024-11-13 11:27:00+05:30,23716.0,23700,306.0,,12.713657,23700,214.15,,13.898621,0.0219324506662169,0.455827216034473,2024-11-13
2024-11-13 11:28:00+05:30,23706.6,23700,303.6,,12.87308,23700,218.2,,13.899506,0.022010748061721208,0.5314026608768613,2024-11-13
2024-11-13 11:29:00+05:30,23708.65,23700,301.15,,12.682227,23700,218.9,,13.983163,0.02193503215071292,0.4409276329668085,2024-11-13
2024-11-13 11:30:00+05:30,23705.65,23700,299.0,,12.659997,23700,219.9,,13.967763,0.02188929643355065,0.43038936597367583,2024-11-13
2024-11-13 11:31:00+05:30,23698.45,23700,298.05,,12.826607,23700,223.85,,14.010887,0.02202253733893989,0.5093718519712432,2024-11-13
2024-11-13 11:32:00+05:30,23706.65,23700,304.2,,12.904926,23700,219.05,,13.946235,0.02207186591104184,0.5464994512800696,2024-11-13
2024-11-13 11:33:00+05:30,23709.45,23700,306.0,,12.915678,23700,215.9,,13.844193,0.022012319982116835,0.5515965024141304,2024-11-13
2024-11-13 11:34:00+05:30,23713.25,23700,307.0,,12.853498,23700,214.45,,13.853954,0.02198981582026926,0.522119694423441,2024-11-13
2024-11-13 11:35:00+05:30,23722.85,23700,309.8,,12.70748,23700,211.95,,13.93783,0.021993563168000472,0.4528989715353018,2024-11-13
2024-11-13 11:36:00+05:30,23716.2,23700,305.85,,12.703432,23700,215.0,,13.94989,0.02196178139836905,0.45097999246250764,2024-11-13
2024-11-13 11:37:00+05:30,23708.5,23700,300.8,,12.671691,23700,219.0,,13.986744999999999,0.021924626188919584,0.4359329779492802,2024-11-13
2024-11-13 11:38:00+05:30,23712.95,23700,304.25,,12.719027,23700,216.95,,13.979816,0.021979551257856996,0.45837289726493347,2024-11-13
2024-11-13 11:39:00+05:30,23715.2,23700,306.6,,12.774987,23700,216.7,,14.017658,0.022066016731885033,0.4849010763443634,2024-11-13
2024-11-13 11:40:00+05:30,23712.3,23700,303.2,,12.684201,23700,216.4,,13.936562,0.02191267823028555,0.4418634196984527,2024-11-13
2024-11-13 11:41:00+05:30,23718.45,23700,307.0,,12.697372,23700,214.05,,13.951444,0.021968130295192137,0.44810721252645797,2024-11-13
2024-11-13 11:42:00+05:30,23708.25,23700,301.55,,12.720988,23700,217.4,,13.897885,0.021889004882266725,0.4593025212673415,2024-11-13
2024-11-13 11:43:00+05:30,23692.85,23700,291.8,,12.669544,23700,227.2,,14.060245,0.021905342751083134,0.43491517951319175,2024-11-13
2024-11-13 11:44:00+05:30,23684.55,23700,286.0,,12.610209,23700,234.05,,14.226655,0.021957351944622127,0.40678706111294105,2024-11-13
2024-11-13 11:45:00+05:30,23696.7,23700,290.5,,12.487256,23700,228.2,,14.202138,0.02188912380204839,0.3485004420573087,2024-11-13
2024-11-13 11:46:00+05:30,23703.6,23700,297.0,,12.623125,23700,223.2,,14.098029,0.021946033513896627,0.41290996963670695,2024-11-13
2024-11-13 11:47:00+05:30,23713.05,23700,301.05,,12.550601,23700,219.4,,14.113163,0.021947830414054712,0.37852952539874046,2024-11-13
2024-11-13 11:48:00+05:30,23706.55,23700,298.55,,12.616647,23700,222.35,,14.121103,0.021972830293737384,0.40983903425292323,2024-11-13
2024-11-13 11:49:00+05:30,23713.95,23700,304.8,,12.722269,23700,218.8,,14.102331,0.02207983064820496,0.4599097871251107,2024-11-13
2024-11-13 11:50:00+05:30,23716.8,23700,305.7,,12.683063,23700,217.0,,14.071945,0.02203922957565945,0.4413239438622774,2024-11-13
2024-11-13 11:51:00+05:30,23711.75,23700,302.25,,12.655424,23700,217.3,,13.973922,0.0219110778411547,0.42822150745097654,2024-11-13
2024-11-13 11:52:00+05:30,23710.7,23700,301.85,,12.666684,23700,218.35,,14.005683,0.021939461930689522,0.4335593790813266,2024-11-13
2024-11-13 11:53:00+05:30,23709.6,23700,299.55,,12.579031,23700,219.2,,14.025723,0.021879323143368087,0.3920069401812318,2024-11-13
2024-11-13 11:54:00+05:30,23706.05,23700,299.95,,12.708209,23700,218.85,,13.92676,0.021884708755781752,0.45324455842859873,2024-11-13
2024-11-13 11:55:00+05:30,23709.35,23700,302.05,,12.719557,23700,216.3,,13.867684,0.021862682865620528,0.45862414699531384,2024-11-13
2024-11-13 11:56:00+05:30,23704.2,23700,297.95,,12.659375,23700,219.95,,13.942898,0.021848448798103288,0.43009450308255,2024-11-13
2024-11-13 11:57:00+05:30,23709.15,23700,301.9,,12.718555,23700,216.6,,13.879381,0.021869193960981307,0.4581491427880661,2024-11-13
2024-11-13 11:58:00+05:30,23715.45,23700,302.55,,12.561133,23700,214.3,,13.900801,0.021793809520797625,0.3835222841918883,2024-11-13
2024-11-13 11:59:00+05:30,23714.6,23700,304.7,,12.701374,23700,212.05,,13.763124,0.021790373862515075,0.4500043850188789,2024-11-13
2024-11-13 12:00:00+05:30,23725.45,23750,279.6,,12.514351,23750,228.9,,13.722477,0.021432680939666056,0.3613449919528975,2024-11-13
2024-11-13 12:01:00+05:30,23715.75,23700,301.95,,12.521428,23700,215.6,,13.976806999999999,0.021823050082750914,0.36469988693762134,2024-11-13
2024-11-13 12:02:00+05:30,23709.6,23700,299.05,,12.556407,23700,218.0,,13.964442,0.021807622228970543,0.3812818950866455,2024-11-13
2024-11-13 12:03:00+05:30,23715.5,23700,300.6,,12.45846,23700,215.5,,13.966326,0.021762138685669712,0.33484952274402646,2024-11-13
2024-11-13 12:04:00+05:30,23705.3,23700,293.75,,12.407776,23700,221.1,,14.03027,0.021718771751464864,0.31082246362212035,2024-11-13
2024-11-13 12:05:00+05:30,23702.9,23700,295.8,,12.588934,23700,220.2,,13.928275,0.021769488121706624,0.39670151769058826,2024-11-13
2024-11-13 12:06:00+05:30,23698.15,23700,294.0,,12.637091,23700,221.05,,13.864291,0.021733764027993742,0.41953063706028315,2024-11-13
2024-11-13 12:07:00+05:30,23698.7,23700,293.8,,12.610504,23700,221.3,,13.890291,0.021735369450644974,0.40692690766098366,2024-11-13
2024-11-13 12:08:00+05:30,23684.95,23700,282.55,,12.427184,23700,226.9,,13.866211999999999,0.021509439538609964,0.3200229443150009,2024-11-13
2024-11-13 12:09:00+05:30,23689.75,23700,285.5,,12.44094,23700,226.35,,13.94932,0.021606390949672327,0.3265440599586145,2024-11-13
2024-11-13 12:10:00+05:30,23684.1,23700,284.15,,12.537106,23700,229.2,,13.967434,0.02167487892721277,0.3721321383959361,2024-11-13
2024-11-13 12:11:00+05:30,23686.6,23700,286.65,,12.595353,23700,227.5,,13.936817,0.02170636562444589,0.39974448376476346,2024-11-13
2024-11-13 12:12:00+05:30,23684.5,23700,285.5,,12.597128,23700,228.2,,13.92475,0.02168929046422766,0.4005859333334911,2024-11-13
2024-11-13 12:13:00+05:30,23680.9,23700,283.25,,12.584889,23700,230.0,,13.935072,0.021673585041109077,0.3947839607860799,2024-11-13
2024-11-13 12:14:00+05:30,23684.2,23700,282.4,,12.443862,23700,229.75,,13.999475,0.02162412072183143,0.32792925186837313,2024-11-13
2024-11-13 12:15:00+05:30,23688.25,23700,286.0,,12.514144,23700,228.15,,14.01022,0.021704853672179242,0.36124686234122066,2024-11-13
2024-11-13 12:16:00+05:30,23686.5,23700,285.25,,12.526785,23700,228.0,,13.961789,0.021668460937664915,0.3672394054388456,2024-11-13
2024-11-13 12:17:00+05:30,23699.6,23700,292.15,,12.500715,23700,221.6,,13.928878,0.02167758105622036,0.3548807630406903,2024-11-13
2024-11-13 12:18:00+05:30,23705.05,23700,295.1,,12.492519,23700,219.75,,13.956498999999999,0.021719000803626234,0.3509953992855972,2024-11-13
2024-11-13 12:19:00+05:30,23704.1,23700,295.35,,12.53487,23700,218.35,,13.861291,0.021671356432009656,0.37107214896738705,2024-11-13
2024-11-13 12:20:00+05:30,23698.95,23700,292.8,,12.555762,23700,221.7,,13.919846,0.02170982258707664,0.38097612890533306,2024-11-13
2024-11-13 12:21:00+05:30,23698.95,23700,292.9,,12.561456,23700,222.75,,13.975296,0.021758347943685266,0.3836754043105918,2024-11-13
2024-11-13 12:22:00+05:30,23707.65,23700,299.7,,12.658453,23700,215.8,,13.808466,0.02174403620772198,0.4296574233629063,2024-11-13
2024-11-13 12:23:00+05:30,23708.55,23700,300.0,,12.647422,23700,215.4,,13.808043,0.021738992894968272,0.4244281105783249,2024-11-13
2024-11-13 12:24:00+05:30,23713.25,23700,301.1,,12.562776,23700,213.4,,13.80922,0.021696730730709626,0.38430115835606793,2024-11-13
2024-11-13 12:25:00+05:30,23707.7,23700,297.7,,12.55251,23700,216.45,,13.844504,0.021687046824449437,0.37943449848420546,2024-11-13
2024-11-13 12:26:00+05:30,23706.75,23700,300.75,,12.742887,23700,215.4,,13.767756,0.021772280046822107,0.46968387569301046,2024-11-13
2024-11-13 12:27:00+05:30,23695.4,23700,294.2,,12.738625,23700,221.0,,13.802782,0.021742616710416367,0.46766344861587494,2024-11-13
2024-11-13 12:28:00+05:30,23695.9,23700,293.25,,12.67409,23700,222.0,,13.867113,0.02174426799572922,0.43707023852132393,2024-11-13
2024-11-13 12:29:00+05:30,23693.9,23700,290.8,,12.605049,23700,224.65,,13.960466,0.021754544418605633,0.40434093166244317,2024-11-13
2024-11-13 12:30:00+05:30,23692.2,23700,288.3,,12.524373,23700,222.8,,13.8241,0.021572500654223753,0.3660959821375665,2024-11-13
2024-11-13 12:31:00+05:30,23703.9,23700,294.7,,12.511636,23700,220.05,,13.948821,0.021715835790734855,0.3600579296548156,2024-11-13
2024-11-13 12:32:00+05:30,23702.6,23700,294.25,,12.52754,23700,217.95,,13.808699,0.021609443689721806,0.3675973177906141,2024-11-13
2024-11-13 12:33:00+05:30,23710.65,23700,298.4,,12.503119,23700,214.6,,13.815624,0.02163584718259516,0.3560203938932092,2024-11-13
2024-11-13 12:34:00+05:30,23710.4,23700,298.0,,12.490001,23700,215.0,,13.831272,0.021636075308725283,0.3498017260382417,2024-11-13
2024-11-13 12:35:00+05:30,23703.3,23700,296.05,,12.60273,23700,218.35,,13.846414,0.02170161960570891,0.4032415955780043,2024-11-13
2024-11-13 12:36:00+05:30,23698.9,23700,292.1,,12.527066,23700,220.0,,13.832647,0.021608597867411566,0.3673726152015565,2024-11-13
2024-11-13 12:37:00+05:30,23696.0,23700,291.4,,12.5774,23700,221.7,,13.855549,0.02165344361917623,0.3912337546901927,2024-11-13
2024-11-13 12:38:00+05:30,23695.15,23700,288.65,,12.458248,23700,222.0,,13.851929,0.021550823691768143,0.33474902285187363,2024-11-13
2024-11-13 12:39:00+05:30,23693.5,23700,288.2,,12.484179,23700,223.05,,13.86923,0.02157764787811003,0.34704177145281556,2024-11-13
2024-11-13 12:40:00+05:30,23692.3,23700,286.8,,12.446567,23700,224.15,,13.899492,0.021566078430544946,0.3292115736055046,2024-11-13
2024-11-13 12:41:00+05:30,23690.1,23700,286.15,,12.478112,23700,224.25,,13.853931,0.021544864732525402,0.3441656731241004,2024-11-13
2024-11-13 12:42:00+05:30,23691.85,23700,287.95,,12.521367,23700,224.0,,13.881604,0.021608696661510184,0.36467096951582256,2024-11-13
2024-11-13 12:43:00+05:30,23686.0,23700,283.45,,12.458112,23700,226.0,,13.850849,0.021508486025500297,0.33468455122294605,2024-11-13
2024-11-13 12:44:00+05:30,23679.4,23700,279.0,,12.418396,23700,230.0,,13.906387,0.021495477081344964,0.31585693935163317,2024-11-13
2024-11-13 12:45:00+05:30,23683.25,23700,284.35,,12.587208,23700,226.1,,13.79226,0.02155320743563489,0.39588329687051876,2024-11-13
2024-11-13 12:46:00+05:30,23685.75,23700,284.4,,12.516715,23700,226.0,,13.845647,0.021548821548821546,0.36246566056161394,2024-11-13
2024-11-13 12:47:00+05:30,23663.65,23650,301.95,,12.638218,23650,215.0,,13.932306,0.021845742309407046,0.42006489827941335,2024-11-13
2024-11-13 12:48:00+05:30,23673.1,23650,303.3,,12.418299,23650,212.1,,13.992011,0.021771546607753104,0.31581095591041247,2024-11-13
2024-11-13 12:49:00+05:30,23675.2,23700,279.25,,12.556006,23700,234.25,,14.031256,0.02168936270865716,0.38109179859252734,2024-11-13
2024-11-13 12:50:00+05:30,23678.35,23700,279.5,,12.477832,23700,232.7,,14.024567,0.02163157483523979,0.3440329374174842,2024-11-13
2024-11-13 12:51:00+05:30,23681.45,23700,280.15,,12.421708,23700,231.85,,14.053126,0.02162029774359256,0.3174270131384649,2024-11-13
2024-11-13 12:52:00+05:30,23686.5,23700,282.8,,12.412892,23700,228.0,,13.969466,0.021565026491883563,0.31324773460443534,2024-11-13
2024-11-13 12:53:00+05:30,23673.55,23650,305.85,,12.542193,23650,212.9,,14.045624,0.02191264090092107,0.37454366175149456,2024-11-13
2024-11-13 12:54:00+05:30,23667.25,23650,301.0,,12.479946,23650,217.2,,14.131776,0.02189523497660269,0.34503509200243654,2024-11-13
2024-11-13 12:55:00+05:30,23670.85,23650,304.5,,12.555087,23650,214.85,,14.088752,0.02194048798416618,0.38065614104116946,2024-11-13
2024-11-13 12:56:00+05:30,23670.5,23650,305.45,,12.616897,23650,213.9,,14.030746,0.021940812403624766,0.40995754827668734,2024-11-13
2024-11-13 12:57:00+05:30,23664.3,23650,299.55,,12.495081,23650,215.95,,13.999479,0.02178386852769784,0.3522099310011356,2024-11-13
2024-11-13 12:58:00+05:30,23654.05,23650,297.3,,12.688798,23650,217.8,,13.863939,0.0217763976993369,0.4440426555674333,2024-11-13
2024-11-13 12:59:00+05:30,23659.1,23650,298.45,,12.596783,23650,217.75,,13.976922,0.02181824329750498,0.40042238398069646,2024-11-13
2024-11-13 13:00:00+05:30,23654.25,23650,293.95,,12.506193,23650,221.9,,14.085494,0.021807920352579346,0.3574776423294166,2024-11-13
2024-11-13 13:01:00+05:30,23650.05,23650,292.9,,12.577946,23650,222.05,,13.997068,0.021773738321906298,0.3914925893180942,2024-11-13
2024-11-13 13:02:00+05:30,23645.7,23650,288.45,,12.473731,23650,225.8,,14.09458,0.021748140253830504,0.34208883337165313,2024-11-13
2024-11-13 13:03:00+05:30,23651.05,23650,292.95,,12.55129,23650,220.95,,13.962466,0.02172842220535663,0.37885615004823503,2024-11-13
2024-11-13 13:04:00+05:30,23649.1,23650,294.0,,12.665979,23650,222.9,,14.020667,0.021857068556520122,0.4332251695343109,2024-11-13
2024-11-13 13:05:00+05:30,23643.9,23650,290.0,,12.610740999999999,23650,224.9,,14.006045,0.02177728716497701,0.40703925895551163,2024-11-13
2024-11-13 13:06:00+05:30,23647.7,23650,291.7,,12.587248,23650,224.1,,14.052081,0.02181184639520968,0.3959022591143212,2024-11-13
2024-11-13 13:07:00+05:30,23643.55,23650,288.25,,12.529579,23650,223.2,,13.908732,0.021631692364302315,0.36856391816843675,2024-11-13
2024-11-13 13:08:00+05:30,23642.25,23650,288.0,,12.555579,23650,226.35,,14.044785,0.021755543571360596,0.3808893766399376,2024-11-13
2024-11-13 13:09:00+05:30,23643.7,23650,288.7,,12.549715,23650,221.0,,13.796637,0.021557539640580787,0.3781095116985196,2024-11-13
2024-11-13 13:10:00+05:30,23637.5,23650,286.5,,12.618314,23650,226.2,,13.926573,0.021690111052353255,0.41062928576338414,2024-11-13
2024-11-13 13:11:00+05:30,23648.4,23650,290.6,,12.510139,23650,222.65,,13.992833,0.021703371052587066,0.3593482676805148,2024-11-13
2024-11-13 13:12:00+05:30,23663.35,23650,296.6,,12.373911,23650,215.65,,13.965312,0.021647399882096154,0.2947685539629902,2024-11-13
2024-11-13 13:13:00+05:30,23667.6,23650,301.3,,12.493124,23650,212.85,,13.913423,0.021723791174432558,0.3512822032231072,2024-11-13
2024-11-13 13:14:00+05:30,23673.55,23650,303.9,,12.447236,23650,207.0,,13.737101,0.02158104720246858,0.32952871713309834,2024-11-13
2024-11-13 13:15:00+05:30,23661.7,23650,299.85,,12.598406,23650,214.2,,13.851743,0.021724981721516202,0.4011917770229753,2024-11-13
2024-11-13 13:16:00+05:30,23652.5,23650,294.4,,12.589749,23650,217.4,,13.811096,0.021638304618962052,0.39708787340805995,2024-11-13
2024-11-13 13:17:00+05:30,23651.45,23650,293.1,,12.553059,23650,219.0,,13.871705,0.021651949457644246,0.37969475528039187,2024-11-13
2024-11-13 13:18:00+05:30,23655.95,23650,292.15,,12.366702,23650,215.25,,13.776908,0.021449149156977418,0.2913510835737192,2024-11-13
2024-11-13 13:19:00+05:30,23665.55,23650,299.2,,12.447284,23650,212.4,,13.844549,0.02161792140896789,0.3295514718256609,2024-11-13
2024-11-13 13:20:00+05:30,23666.9,23650,302.4,,12.5762,23650,211.15,,13.809027,0.021699081840038194,0.3906648873761231,2024-11-13
2024-11-13 13:21:00+05:30,23665.0,23650,300.25,,12.520889,23650,210.35,,13.723913,0.02157616733572787,0.3644443707023853,2024-11-13
2024-11-13 13:22:00+05:30,23663.05,23650,298.25,,12.475009,23650,210.0,,13.66145,0.021478634411033235,0.34269467706113654,2024-11-13
2024-11-13 13:23:00+05:30,23654.45,23650,294.0,,12.512465,23650,217.75,,13.875804,0.021634407056600344,0.3604509221576191,2024-11-13
2024-11-13 13:24:00+05:30,23655.35,23650,293.5,,12.459053,23650,215.4,,13.772391,0.021513103801042894,0.3351306380083958,2024-11-13
2024-11-13 13:25:00+05:30,23658.05,23650,296.9,,12.557601,23650,216.2,,13.876605,0.021688178019743806,0.3818479180641444,2024-11-13
2024-11-13 13:26:00+05:30,23646.95,23650,289.0,,12.475370999999999,23650,220.0,,13.822695,0.021524974679609843,0.342866285367547,2024-11-13
2024-11-13 13:27:00+05:30,23650.1,23650,292.05,,12.542416,23650,218.7,,13.826928,0.021596103187724366,0.3746493762606925,2024-11-13
2024-11-13 13:28:00+05:30,23647.35,23650,291.55,,12.599101,23650,219.1,,13.784849,0.021594385840273858,0.40152124600903977,2024-11-13
2024-11-13 13:29:00+05:30,23640.3,23650,289.4,,12.696382,23650,223.0,,13.827308,0.0216748518419817,0.4476378969923509,2024-11-13
2024-11-13 13:30:00+05:30,23648.2,23650,289.8,,12.481805,23650,219.6,,13.831294,0.021540751515971616,0.34591636228314865,2024-11-13
2024-11-13 13:31:00+05:30,23650.75,23650,292.35,,12.540381,23650,221.15,,13.972155,0.021711785038529434,0.3736846721072503,2024-11-13
2024-11-13 13:32:00+05:30,23645.2,23650,287.0,,12.424597,23650,222.95,,13.939155,0.02156674504762066,0.3187965611970865,2024-11-13
2024-11-13 13:33:00+05:30,23642.65,23650,286.25,,12.461657,23650,223.65,,13.91711,0.021566956326807694,0.33636508007992605,2024-11-13
2024-11-13 13:34:00+05:30,23642.2,23650,285.0,,12.409437,23650,224.05,,13.927957,0.02153141416619435,0.31160987079601143,2024-11-13
2024-11-13 13:35:00+05:30,23647.05,23650,286.65,,12.351774,23650,222.05,,13.935134,0.021512197081665577,0.28427437418669776,2024-11-13
2024-11-13 13:36:00+05:30,23650.25,23650,291.0,,12.486084,23650,218.4,,13.816447,0.021538884366972863,0.3479448483139009,2024-11-13
2024-11-13 13:37:00+05:30,23661.8,23650,297.6,,12.485184,23650,213.65,,13.829606,0.02160655571427364,0.34751819782834903,2024-11-13
2024-11-13 13:38:00+05:30,23671.0,23650,303.9,,12.536782,23650,206.15,,13.639891,0.02154746314055173,0.3719785442211378,2024-11-13
2024-11-13 13:39:00+05:30,23667.95,23650,302.9,,12.578458,23650,211.8,,13.871274,0.021746708101039593,0.3917353060387632,2024-11-13
2024-11-13 13:40:00+05:30,23670.6,23650,302.9,,12.496792,23650,208.7,,13.766711,0.021613309337321404,0.35302104097977866,2024-11-13
2024-11-13 13:41:00+05:30,23674.15,23650,307.65,,12.639886,23650,204.6,,13.628762,0.02163752447289554,0.42085562384596986,2024-11-13
2024-11-13 13:42:00+05:30,23665.15,23650,297.95,,12.402852,23650,210.95,,13.763569,0.02150419498714354,0.3084882114100557,2024-11-13
2024-11-13 13:43:00+05:30,23672.7,23650,304.0,,12.491364,23650,205.1,,13.623296999999999,0.02150578514491376,0.35044786449580606,2024-11-13
2024-11-13 13:44:00+05:30,23686.1,23700,282.05,,12.406836,23700,218.55,,13.47421,0.021134758360388584,0.3103768508927661,2024-11-13
2024-11-13 13:45:00+05:30,23701.95,23700,287.55,,12.223571,23700,205.8,,13.168062,0.020814743090758356,0.22349896063201138,2024-11-13
2024-11-13 13:46:00+05:30,23697.15,23700,288.55,,12.421529,23700,209.35,,13.24571,0.0210109654536516,0.31734215709744906,2024-11-13
2024-11-13 13:47:00+05:30,23713.3,23700,300.95,,12.588512,23700,199.65,,13.100442,0.021110516039522128,0.3965014660184737,2024-11-13
2024-11-13 13:48:00+05:30,23708.1,23700,296.0,,12.485426,23700,203.3,,13.176397,0.02106031272012519,0.34763291940335306,2024-11-13
2024-11-13 13:49:00+05:30,23707.6,23700,292.0,,12.289169,23700,207.0,,13.360886,0.021048102718115712,0.25459609235560804,2024-11-13
2024-11-13 13:50:00+05:30,23710.6,23700,297.0,,12.462983,23700,203.1,,13.222789,0.02109183234502712,0.33699367846197203,2024-11-13
2024-11-13 13:51:00+05:30,23706.7,23700,291.65,,12.298893,23700,206.05,,13.290632,0.020994064968975015,0.2592058138239495,2024-11-13
2024-11-13 13:52:00+05:30,23699.8,23700,288.35,,12.333757,23700,211.95,,13.444907,0.021109882783820963,0.27573330552204245,2024-11-13
2024-11-13 13:53:00+05:30,23692.7,23700,286.55,,12.45197,23700,215.25,,13.455565,0.02117951943003541,0.3317728986871012,2024-11-13
2024-11-13 13:54:00+05:30,23696.3,23700,286.5,,12.342077,23700,214.45,,13.496716,0.021140431206559673,0.2796774522329225,2024-11-13
2024-11-13 13:55:00+05:30,23704.0,23700,290.45,,12.319091,23700,212.1,,13.549573,0.0212010631117111,0.2687807988319258,2024-11-13
2024-11-13 13:56:00+05:30,23713.5,23700,295.35,,12.289045,23700,207.95,,13.546194999999999,0.021224197187256204,0.2545373093998211,2024-11-13
2024-11-13 13:57:00+05:30,23716.15,23700,303.05,,12.6167,23700,203.95,,13.394337,0.021377837465187222,0.409864159225961,2024-11-13
2024-11-13 13:58:00+05:30,23702.65,23700,290.35,,12.355962,23700,211.0,,13.461256,0.0211516433816472,0.2862597211127991,2024-11-13
2024-11-13 13:59:00+05:30,23698.65,23700,288.25,,12.366035,23700,214.2,,13.538643,0.021201629628691928,0.29103488815831574,2024-11-13
2024-11-13 14:00:00+05:30,23705.85,23700,292.6,,12.378848,23700,209.5,,13.455461,0.021180425928620995,0.29710896890429017,2024-11-13
2024-11-13 14:01:00+05:30,23701.2,23700,290.75,,12.422212,23700,213.15,,13.542182,0.021260526893153088,0.3176659374103737,2024-11-13
2024-11-13 14:02:00+05:30,23706.55,23700,295.0,,12.485524999999999,23700,210.2,,13.508807,0.021310566067183963,0.3476798509567632,2024-11-13
2024-11-13 14:03:00+05:30,23683.85,23700,282.65,,12.512743,23700,221.4,,13.575472,0.021282435077067282,0.36058270975204504,2024-11-13
2024-11-13 14:04:00+05:30,23677.75,23700,277.3,,12.410402,23700,227.4,,13.747792,0.021315369914793426,0.31206733492774164,2024-11-13
2024-11-13 14:05:00+05:30,23675.05,23700,276.35,,12.43958,23700,226.95,,13.66056,0.02125866682435729,0.325899343669336,2024-11-13
2024-11-13 14:06:00+05:30,23685.9,23700,281.2,,12.377102,23700,222.15,,13.663483,0.02125103964806066,0.2962812669623199,2024-11-13
2024-11-13 14:07:00+05:30,23687.75,23700,284.8,,12.512586,23700,218.65,,13.522608,0.02125360154510243,0.3605082829451211,2024-11-13
2024-11-13 14:08:00+05:30,23687.8,23700,284.55,,12.498342,23700,218.4,,13.510814,0.02123244877109736,0.3537558279271181,2024-11-13
2024-11-13 14:09:00+05:30,23672.25,23650,309.0,,12.782931,23650,203.75,,13.546924,0.021660382937828047,0.48866697796350206,2024-11-13
2024-11-13 14:10:00+05:30,23669.05,23650,306.95,,12.773274,23650,203.15,,13.443416,0.021551350814671483,0.4840890182535301,2024-11-13
2024-11-13 14:11:00+05:30,23655.85,23650,299.3,,12.77138,23650,210.3,,13.523783,0.02154224008014931,0.48319115600949075,2024-11-13
2024-11-13 14:12:00+05:30,23644.4,23650,295.95,,12.938817,23650,217.75,,13.654541,0.021726074673072693,0.5625656863976713,2024-11-13
2024-11-13 14:13:00+05:30,23645.25,23650,295.5,,12.890073,23650,217.7,,13.671802,0.02170414776752202,0.539458296100177,2024-11-13
2024-11-13 14:14:00+05:30,23656.15,23650,298.9,,12.742339,23650,212.25,,13.634533,0.02160748896164422,0.4694240929529187,2024-11-13
2024-11-13 14:15:00+05:30,23652.05,23650,297.95,,12.816495,23650,214.5,,13.659884,0.021666198067397967,0.5045781967380197,2024-11-13
2024-11-13 14:16:00+05:30,23648.55,23650,295.0,,12.766032,23650,215.0,,13.605981,0.021565804245926284,0.4806559040131213,2024-11-13
2024-11-13 14:17:00+05:30,23639.65,23650,287.35,,12.627664,23650,221.0,,13.716754,0.021504125484091346,0.4150617102521737,2024-11-13
2024-11-13 14:18:00+05:30,23642.8,23650,288.0,,12.568616,23650,219.9,,13.73222,0.02148222714737679,0.3870696459512055,2024-11-13
2024-11-13 14:19:00+05:30,23643.55,23650,290.25,,12.665676,23650,220.25,,13.768338,0.021591512272903183,0.43308153053750814,2024-11-13
2024-11-13 14:20:00+05:30,23625.9,23650,282.75,,12.790699,23650,226.35,,13.676177,0.021548385458331747,0.49234944570991074,2024-11-13
2024-11-13 14:21:00+05:30,23620.65,23600,307.3,,12.780472,23600,208.7,,13.801088,0.021845292149030613,0.48750127402575516,2024-11-13
2024-11-13 14:22:00+05:30,23621.15,23600,306.8,,12.738681,23600,208.35,,13.793944,0.021808845039297406,0.46768999575719766,2024-11-13
2024-11-13 14:23:00+05:30,23618.9,23600,307.9,,12.867574,23600,207.6,,13.703453,0.021825741249592485,0.5287925080174732,2024-11-13
2024-11-13 14:24:00+05:30,23612.9,23600,307.05,,13.007386,23600,210.85,,13.740518,0.02193292649356919,0.5950712387796848,2024-11-13
2024-11-13 14:25:00+05:30,23617.4,23600,310.2,,13.037383,23600,211.25,,13.864175,0.02207906035380694,0.6092914994631313,2024-11-13
2024-11-13 14:26:00+05:30,23612.15,23600,309.95,,13.185542,23600,213.0,,13.838124,0.022147496098406966,0.6795271764507892,2024-11-13
2024-11-13 14:27:00+05:30,23626.0,23650,287.35,,13.033235,23650,226.05,,13.664192,0.021730297130280202,0.6073251147808316,2024-11-13
2024-11-13 14:28:00+05:30,23621.8,23600,312.35,,13.017383,23600,208.15,,13.799234,0.022034730630180598,0.599810377561977,2024-11-13
2024-11-13 14:29:00+05:30,23598.95,23600,300.1,,13.063389,23600,219.5,,13.880433,0.022017928763779743,0.621619802271203,2024-11-13
2024-11-13 14:30:00+05:30,23590.95,23600,294.85,,13.024642,23600,224.3,,13.948661,0.022006320220253957,0.6032515507560008,2024-11-13
2024-11-13 14:31:00+05:30,23595.95,23600,301.45,,13.225749,23600,221.0,,13.89074,0.022141511572960616,0.6985875498647754,2024-11-13
2024-11-13 14:32:00+05:30,23586.35,23600,297.5,,13.302024,23600,226.5,,13.957601,0.0222162394774944,0.7347461785153032,2024-11-13
2024-11-13 14:33:00+05:30,23578.05,23600,290.5,,13.175979,23600,229.95,,13.944035,0.022073496323911437,0.6749937780137522,2024-11-13
2024-11-13 14:34:00+05:30,23575.9,23600,292.55,,13.34737,23600,233.6,,14.085806,0.02231728163081791,0.7562427262017911,2024-11-13
2024-11-13 14:35:00+05:30,23577.1,23600,295.1,,13.447552,23600,232.1,,14.0354,0.022360680490815243,0.8037346139168645,2024-11-13
2024-11-13 14:36:00+05:30,23573.9,23550,323.45,,13.583198,23550,212.55,,14.107857,0.022737009998345627,0.8680384269870649,2024-11-13
2024-11-13 14:37:00+05:30,23576.9,23600,296.0,,13.501785,23600,229.0,,13.867419,0.02226755850005726,0.8294440981201303,2024-11-13
2024-11-13 14:38:00+05:30,23584.45,23600,300.8,,13.535127,23600,223.2,,13.739733,0.022218029252325154,0.8452500764415447,2024-11-13
2024-11-13 14:39:00+05:30,23593.4,23600,302.75,,13.374183,23600,225.8,,14.08721,0.02240245153305585,0.7689535922785743,2024-11-13
2024-11-13 14:40:00+05:30,23569.3,23550,322.0,,13.649488999999999,23550,213.6,,14.060589,0.022724476331499027,0.8994640795845366,2024-11-13
2024-11-13 14:41:00+05:30,23550.4,23550,311.45,,13.662283,23550,221.2,,14.031588,0.02261745023439092,0.9055291532647057,2024-11-13
2024-11-13 14:42:00+05:30,23570.65,23550,318.5,,13.42187,23550,215.35,,14.185005,0.02264892991920036,0.7915599052835921,2024-11-13
2024-11-13 14:43:00+05:30,23564.85,23550,317.55,,13.549941,23550,217.2,,14.151805,0.02269269696178843,0.8522727434337305,2024-11-13
2024-11-13 14:44:00+05:30,23560.75,23550,319.45,,13.776686,23550,217.0,,14.047569,0.022768799804760036,0.9597625927075947,2024-11-13
2024-11-13 14:45:00+05:30,23551.7,23550,315.9,,13.861565,23550,224.3,,14.227281,0.02293677314164158,1.0,2024-11-13
2024-11-13 14:46:00+05:30,23570.0,23550,323.1,,13.689378,23550,207.6,,13.757634,0.02251591005515486,0.9183737031602945,2024-11-13
2024-11-13 14:47:00+05:30,23559.3,23550,318.0,,13.744844,23550,214.1,,13.860598,0.022585560691531583,0.9446676985287669,2024-11-13
2024-11-13 14:48:00+05:30,23567.0,23550,319.4,,13.584977,23550,212.55,,13.954088,0.022571816523104343,0.868881772780173,2024-11-13
2024-11-13 14:49:00+05:30,23564.1,23550,317.0,,13.546239,23550,210.9,,13.800305,0.02240272278593284,0.8505177877698266,2024-11-13
2024-11-13 14:50:00+05:30,23558.7,23550,315.5,,13.631268,23550,214.65,,13.876759,0.0225033639377385,0.8908263034764903,2024-11-13
2024-11-13 14:51:00+05:30,23549.55,23550,312.0,,13.721482,23550,221.9,,14.051223,0.022671346161603937,0.933592800036028,2024-11-13
2024-11-13 14:52:00+05:30,23553.85,23550,313.5,,13.672421,23550,219.2,,14.007563,0.022616260186763527,0.9103351339564008,2024-11-13
2024-11-13 14:53:00+05:30,23572.55,23550,321.75,,13.541739,23550,209.25,,13.904906,0.022526201026193602,0.8483845353420667,2024-11-13
2024-11-13 14:54:00+05:30,23581.55,23600,295.2,,13.331126,23600,226.1,,13.828005,0.022106265279423956,0.7485421589936732,2024-11-13
2024-11-13 14:55:00+05:30,23571.6,23550,321.35,,13.550621,23550,210.0,,13.923911,0.022541957270613793,0.8525951015783694,2024-11-13
2024-11-13 14:56:00+05:30,23561.5,23550,314.1,,13.474147,23550,212.55,,13.83037,0.022352142265984767,0.816342135764925,2024-11-13
2024-11-13 14:57:00+05:30,23559.5,23550,314.2,,13.540842,23550,212.95,,13.806098,0.022375262632908167,0.8479593070247998,2024-11-13
2024-11-13 14:58:00+05:30,23556.75,23550,311.5,,13.480963,23550,213.7,,13.783112,0.022295095885468075,0.8195733021088379,2024-11-13
2024-11-13 14:59:00+05:30,23557.6,23550,313.2,,13.54617,23550,213.45,,13.789552,0.022355842700444866,0.8504850778992676,2024-11-13
2024-11-13 15:00:00+05:30,23541.3,23550,306.95,,13.703348,23550,221.55,,13.842174,0.022449907184395084,0.9249962668082512,2024-11-13
2024-11-13 15:01:00+05:30,23546.0,23550,307.9,,13.614318,23550,217.35,,13.729148,0.02230739828420963,0.882791052665262,2024-11-13
2024-11-13 15:02:00+05:30,23537.2,23550,305.7,,13.759244,23550,221.5,,13.743715,0.02239858606801149,0.9514941062975982,2024-11-13
2024-11-13 15:03:00+05:30,23527.5,23550,298.1,,13.641555,23550,223.2,,13.60463,0.02215705026033365,0.8957029185263491,2024-11-13
2024-11-13 15:04:00+05:30,23517.95,23500,321.0,,13.683687,23500,205.0,,13.600379,0.022365894986595344,0.9156758499233215,2024-11-13
2024-11-13 15:05:00+05:30,23513.45,23500,319.95,,13.766018,23500,207.95,,13.655855,0.022450980183682103,0.9547053622855194,2024-11-13
2024-11-13 15:06:00+05:30,23514.85,23500,320.0,,13.726296,23500,208.5,,13.717425,0.02247515931422059,0.9358749060776357,2024-11-13
2024-11-13 15:07:00+05:30,23532.5,23550,300.6,,13.629433,23550,220.5,,13.580927,0.02214384362052481,0.8899564105420594,2024-11-13
2024-11-13 15:08:00+05:30,23530.5,23550,298.5,,13.577247,23550,222.9,,13.660987,0.022158475170523363,0.8652173191653765,2024-11-13
2024-11-13 15:09:00+05:30,23541.6,23550,306.4,,13.669266,23550,215.05,,13.506055,0.02215015122166718,0.9088394869764939,2024-11-13
2024-11-13 15:10:00+05:30,23540.3,23550,300.6,,13.400395,23550,219.0,,13.685536,0.022072785818362556,0.7813795506422271,2024-11-13
2024-11-13 15:11:00+05:30,23544.15,23550,303.0,,13.413654,23550,218.75,,13.762502,0.022160494220432675,0.7876650604065973,2024-11-13
2024-11-13 15:12:00+05:30,23541.95,23550,302.5,,13.453109,23550,218.0,,13.671493,0.022109468417017282,0.8063689436371001,2024-11-13
2024-11-13 15:13:00+05:30,23544.55,23550,306.0,,13.561997999999999,23550,217.9,,13.72711,0.02225143398366076,0.8579884377718409,2024-11-13
2024-11-13 15:14:00+05:30,23543.8,23550,305.7,,13.568869,23550,217.0,,13.66202,0.022201173982109943,0.8612456772009827,2024-11-13
2024-11-13 15:15:00+05:30,23565.8,23550,321.25,,13.732629,23550,204.8,,13.51908,0.022322603094314643,0.9388771033276362,2024-11-13
2024-11-13 15:16:00+05:30,23563.45,23550,317.5,,13.604869,23550,209.35,,13.708606,0.022358780229550426,0.8783116966230615,2024-11-13
2024-11-13 15:17:00+05:30,23569.9,23550,316.3,,13.343018,23550,207.3,,13.745993,0.0222147739277638,0.7541796340761003,2024-11-13
2024-11-13 15:18:00+05:30,23572.95,23550,321.0,,13.500459,23550,201.45,,13.502373,0.022163114926218398,0.8288154997380834,2024-11-13
2024-11-13 15:19:00+05:30,23585.1,23600,295.0,,13.227056,23600,214.1,,13.281939,0.021585662134144017,0.6992071411810153,2024-11-13
2024-11-13 15:20:00+05:30,23588.45,23600,298.7,,13.324497,23600,214.3,,13.371225,0.021747931720820995,0.7453996411395354,2024-11-13
2024-11-13 15:21:00+05:30,23589.5,23600,298.0,,13.256734,23600,215.05,,13.435714,0.02174908327857733,0.7132761779701389,2024-11-13
2024-11-13 15:22:00+05:30,23593.1,23600,299.55,,13.232328,23600,213.5,,13.437718,0.021745764651529473,0.7017063649141605,2024-11-13
2024-11-13 15:23:00+05:30,23596.2,23600,300.2,,13.174656,23600,212.9,,13.478118,0.021745026741593985,0.6743666017999911,2024-11-13
2024-11-13 15:24:00+05:30,23603.75,23600,307.0,,13.30926,23600,207.6,,13.371136,0.021801620505216335,0.7381764484191413,2024-11-13
2024-11-13 15:25:00+05:30,23613.8,23600,310.8,,13.20625,23600,202.4,,13.324003,0.021733054400392995,0.689343930067245,2024-11-13
2024-11-13 15:26:00+05:30,23615.1,23600,312.15,,13.238795,23600,204.65,,13.473584,0.021884302840131948,0.7047720856808982,2024-11-13
2024-11-13 15:27:00+05:30,23613.05,23600,312.55,,13.323338,23600,208.45,,13.629611,0.0220640705033869,0.7448502101253638,2024-11-13
2024-11-13 15:28:00+05:30,23602.5,23600,306.05,,13.298252,23600,215.0,,13.736343,0.022076051265755743,0.7329580389247456,2024-11-13
2024-11-13 15:29:00+05:30,23602.9,23600,310.65,,13.531079,23600,215.8,,13.788268,0.02230446258722445,0.8433310973687514,2024-11-13
2024-11-14 09:15:00+05:30,23599.75,23600,303.5,,13.72913,23600,218.45,,14.094866,0.022116759711437624,0.748362481718938,2024-11-14
2024-11-14 09:16:00+05:30,23588.8,23600,304.45,,14.113452,23600,221.55,,14.000565,0.02229871803567795,0.8857867203507105,2024-11-14
2024-11-14 09:17:00+05:30,23589.2,23600,306.75,,14.22671,23600,218.95,,13.86932,0.02228562223390365,0.9262850379566692,2024-11-14
2024-11-14 09:18:00+05:30,23579.05,23600,304.95,,14.432862,23600,225.45,,13.975591,0.0224945449456191,1.0,2024-11-14
2024-11-14 09:19:00+05:30,23606.05,23600,310.0,,13.891402,23600,218.4,,14.242967,0.02238409221364862,0.8063870185689099,2024-11-14
2024-11-14 09:20:00+05:30,23578.5,23600,299.05,,14.130478,23600,225.35,,13.95718,0.022240600547108594,0.89187480556817,2024-11-14
2024-11-14 09:21:00+05:30,23567.05,23550,324.15,,14.359472,23550,217.0,,14.452553,0.02296214418011588,0.9737575135610614,2024-11-14
2024-11-14 09:22:00+05:30,23599.8,23600,309.0,,14.030085,23600,221.05,,14.239082,0.022459936101153398,0.8559767003622241,2024-11-14
2024-11-14 09:23:00+05:30,23599.9,23600,308.95,,14.024788,23600,219.8,,14.173735,0.022404755952355727,0.8540826214595525,2024-11-14
2024-11-14 09:24:00+05:30,23615.1,23600,309.5,,13.585615,23600,216.0,,14.326991,0.02225271118902736,0.6970449937603028,2024-11-14
2024-11-14 09:25:00+05:30,23620.65,23600,314.0,,13.657902,23600,214.0,,14.348046,0.02235332219900807,0.7228930741147317,2024-11-14
2024-11-14 09:26:00+05:30,23604.25,23600,303.1,,13.57429,23600,217.75,,14.166518,0.022065941514769587,0.6929954480603299,2024-11-14
2024-11-14 09:27:00+05:30,23600.95,23600,304.5,,13.752427,23600,216.25,,14.006611,0.02206478976481879,0.7566929246480563,2024-11-14
2024-11-14 09:28:00+05:30,23583.75,23600,295.0,,13.757982,23600,224.5,,14.040974,0.022027879366088937,0.7586792581017732,2024-11-14
2024-11-14 09:29:00+05:30,23581.6,23600,295.8,,13.866186,23600,223.4,,13.929198,0.02201716592597619,0.7973703877194176,2024-11-14
2024-11-14 09:30:00+05:30,23577.4,23600,292.5,,13.812886,23600,223.2,,13.815995,0.021872640749192023,0.7783115986855516,2024-11-14
2024-11-14 09:31:00+05:30,23584.95,23600,292.0,,13.560537,23600,221.45,,13.90534,0.021770239071950546,0.6880777083683459,2024-11-14
2024-11-14 09:32:00+05:30,23586.7,23600,291.9,,13.502887,23600,222.0,,13.977856,0.021787702391602045,0.6674634646947551,2024-11-14
2024-11-14 09:33:00+05:30,23586.7,23600,292.45,,13.533217,23600,220.2,,13.880378,0.021734706423535297,0.6783087380793176,2024-11-14
2024-11-14 09:34:00+05:30,23586.55,23600,290.7,,13.44316,23600,220.4,,13.887829,0.021669129228310203,0.646106536127669,2024-11-14
2024-11-14 09:35:00+05:30,23582.4,23600,289.05,,13.47882,23600,220.95,,13.817144,0.02162629757785467,0.6588576884156176,2024-11-14
2024-11-14 09:36:00+05:30,23589.15,23600,291.5,,13.408997,23600,218.0,,13.820834,0.021598913059605793,0.6338906747812527,2024-11-14
2024-11-14 09:37:00+05:30,23585.1,23600,286.2,,13.243839,23600,217.15,,13.67694,0.021341864143039464,0.5748341742323739,2024-11-14
2024-11-14 09:38:00+05:30,23585.2,23600,288.0,,13.339043,23600,214.4,,13.530279,0.021301494157352916,0.6088768187198071,2024-11-14
2024-11-14 09:39:00+05:30,23587.05,23600,285.85,,13.166867,23600,215.0,,13.607838,0.02123410939477383,0.5473108513521726,2024-11-14
2024-11-14 09:40:00+05:30,23582.3,23600,280.7,,13.030801,23600,217.0,,13.601493,0.021104811659592153,0.4986569453731482,2024-11-14
2024-11-14 09:41:00+05:30,23515.1,23500,315.65,,14.000818,23500,201.5,,13.587737,0.021992251787149534,0.845511530031002,2024-11-14
2024-11-14 09:42:00+05:30,23556.0,23550,296.6,,13.207124,23550,208.95,,13.756845,0.021461623365596875,0.5617057794973199,2024-11-14
2024-11-14 09:43:00+05:30,23572.3,23550,305.5,,13.182865,23550,205.4,,13.945695,0.02167374418279082,0.5530313486685663,2024-11-14
2024-11-14 09:44:00+05:30,23575.05,23600,276.75,,13.035202,23600,221.6,,13.67478,0.02113887351246339,0.5002306363776142,2024-11-14
2024-11-14 09:45:00+05:30,23574.45,23550,310.3,,13.379017,23550,202.05,,13.812418,0.021733274795382288,0.623170552919427,2024-11-14
2024-11-14 09:46:00+05:30,23589.05,23600,288.25,,13.239954,23600,215.95,,13.709306,0.021374324103768487,0.5734449923299991,2024-11-14
2024-11-14 09:47:00+05:30,23588.7,23600,289.0,,13.291785,23600,214.75,,13.63588,0.021355564316812712,0.5919785025441519,2024-11-14
2024-11-14 09:48:00+05:30,23575.1,23600,280.05,,13.214506,23600,222.0,,13.698578,0.02129577393096954,0.5643454038997213,2024-11-14
2024-11-14 09:49:00+05:30,23573.85,23550,315.15,,13.666208,23550,200.1,,13.692425,0.021856845614950465,0.7258630985371571,2024-11-14
2024-11-14 09:50:00+05:30,23578.05,23600,283.1,,13.292951,23600,219.0,,13.608595,0.021295230097484737,0.5923954359027537,2024-11-14
2024-11-14 09:51:00+05:30,23570.75,23550,306.55,,13.293404,23550,201.35,,13.689421,0.02154789304540585,0.5925574177307527,2024-11-14
2024-11-14 09:52:00+05:30,23566.4,23550,303.05,,13.239352,23550,203.9,,13.727854,0.021511558829519994,0.5732297317108928,2024-11-14
2024-11-14 09:53:00+05:30,23572.1,23550,306.0,,13.221293,23550,203.45,,13.836454,0.021612414676672846,0.5667722707134706,2024-11-14
2024-11-14 09:54:00+05:30,23572.55,23550,307.8,,13.306309,23550,196.7,,13.476805,0.021402012086091663,0.5971719331619354,2024-11-14
2024-11-14 09:55:00+05:30,23595.05,23600,289.3,,13.118502,23600,211.4,,13.608152,0.02122055261590885,0.5300166987888905,2024-11-14
2024-11-14 09:56:00+05:30,23603.55,23600,295.4,,13.189983,23600,206.35,,13.535781,0.02125739560362742,0.5555765730652467,2024-11-14
2024-11-14 09:57:00+05:30,23596.9,23600,293.2,,13.275177,23600,208.6,,13.50043,0.021265505214668023,0.5860398840024168,2024-11-14
2024-11-14 09:58:00+05:30,23602.15,23600,294.35,,13.176885,23600,207.5,,13.565713,0.02126289342284495,0.5508930455086695,2024-11-14
2024-11-14 09:59:00+05:30,23596.65,23600,292.95,,13.270133,23600,208.9,,13.511233,0.02126784946168206,0.584236271771895,2024-11-14
2024-11-14 10:00:00+05:30,23641.1,23650,285.35,,12.992888,23650,207.95,,13.303345,0.02086620334925194,0.48510017485455614,2024-11-14
2024-11-14 10:01:00+05:30,23655.65,23650,292.7,,12.946378,23650,202.95,,13.377417,0.02095271108593507,0.4684693253617769,2024-11-14
2024-11-14 10:02:00+05:30,23655.95,23650,296.4,,13.139129,23650,204.0,,13.441873,0.021153240516656485,0.5373924143874191,2024-11-14
2024-11-14 10:03:00+05:30,23657.5,23650,294.8,,13.00429,23650,204.7,,13.516701,0.021113811687625487,0.48917725388953015,2024-11-14
2024-11-14 10:04:00+05:30,23653.6,23650,293.65,,13.062965,23650,200.5,,13.19636,0.02089111171238205,0.5101580127368491,2024-11-14
2024-11-14 10:05:00+05:30,23661.2,23650,297.65,,13.045342,23650,200.35,,13.366901,0.02104711510827853,0.5038564547791788,2024-11-14
2024-11-14 10:06:00+05:30,23655.9,23650,297.75,,13.216052,23650,203.25,,13.400734,0.021178648878292516,0.564898216054437,2024-11-14
2024-11-14 10:07:00+05:30,23647.05,23650,288.75,,12.999233,23650,206.6,,13.373645,0.02094764463220571,0.48736899317387833,2024-11-14
2024-11-14 10:08:00+05:30,23641.1,23650,284.05,,12.925877,23650,208.0,,13.307777,0.020813329329007535,0.461138664311434,2024-11-14
2024-11-14 10:09:00+05:30,23634.5,23650,280.0,,12.906311,23650,210.9,,13.306484,0.020770483826609405,0.4541423366146871,2024-11-14
2024-11-14 10:10:00+05:30,23620.45,23600,302.0,,13.028055,23600,195.0,,13.314602,0.02104108939499459,0.4976750422833358,2024-11-14
2024-11-14 10:11:00+05:30,23617.15,23600,298.8,,12.9576,23600,194.85,,13.230013,0.020902183370982524,0.4724820407564869,2024-11-14
2024-11-14 10:12:00+05:30,23626.7,23650,277.2,,12.989688,23650,210.65,,13.104214,0.020648249649760652,0.4839559323609652,2024-11-14
2024-11-14 10:13:00+05:30,23630.9,23650,280.75,,13.056995,23650,205.35,,12.919246,0.020570524186552353,0.5080232853347446,2024-11-14
2024-11-14 10:14:00+05:30,23616.9,23600,300.8,,13.076418,23600,194.5,,13.205686,0.02097226985760197,0.5149684796950593,2024-11-14
2024-11-14 10:15:00+05:30,23615.9,23600,299.45,,13.034473,23600,192.2,,13.056711,0.020818601027273995,0.49996996363454316,2024-11-14
2024-11-14 10:16:00+05:30,23615.2,23600,298.5,,13.004963,23600,193.2,,13.095391,0.02082133541109116,0.48941790238896365,2024-11-14
2024-11-14 10:17:00+05:30,23610.05,23600,296.5,,13.057573,23600,195.15,,13.082021,0.020823759373656558,0.5082299641351491,2024-11-14
2024-11-14 10:18:00+05:30,23611.75,23600,295.25,,12.936424,23600,195.75,,13.15484,0.020794731436678773,0.46491001605515253,2024-11-14
2024-11-14 10:19:00+05:30,23603.8,23600,290.0,,12.897954,23600,198.2,,13.102068,0.0206831103466391,0.4511540758275197,2024-11-14
2024-11-14 10:20:00+05:30,23606.7,23600,290.9,,12.857368,23600,196.15,,13.058672,0.020631854515878963,0.4366415052509999,2024-11-14
2024-11-14 10:21:00+05:30,23608.25,23600,290.7,,12.798493,23600,195.85,,13.078918,0.02060932089417894,0.41558923124783226,2024-11-14
2024-11-14 10:22:00+05:30,23613.15,23600,297.0,,12.990064,23600,192.9,,13.032471,0.020746914325280613,0.48409038085396244,2024-11-14
2024-11-14 10:23:00+05:30,23616.7,23600,298.15,,12.941664,23600,191.65,,13.046877,0.02073956141205164,0.4667837131384065,2024-11-14
2024-11-14 10:24:00+05:30,23606.3,23600,293.15,,12.994601,23600,196.85,,13.088349,0.020757170755264485,0.4857127021644058,2024-11-14
2024-11-14 10:25:00+05:30,23595.15,23600,285.7,,12.932887,23600,200.9,,13.045238,0.020622882244868117,0.4636452705239553,2024-11-14
2024-11-14 10:26:00+05:30,23604.7,23600,287.5,,12.736546,23600,199.75,,13.209439,0.020642075518858532,0.3934384844508173,2024-11-14
2024-11-14 10:27:00+05:30,23590.6,23600,282.05,,12.874019,23600,203.25,,13.064744,0.020571753155918037,0.44259549955124244,2024-11-14
2024-11-14 10:28:00+05:30,23595.5,23600,283.45,,12.800829,23600,204.4,,13.244961,0.020675552541798224,0.4164245282681531,2024-11-14
2024-11-14 10:29:00+05:30,23586.5,23600,281.35,,12.961402,23600,207.05,,13.173232,0.020706760223008925,0.4738415438691842,2024-11-14
2024-11-14 10:30:00+05:30,23599.45,23600,284.7,,12.748235,23600,203.1,,13.268686,0.0206699732409018,0.3976181877344352,2024-11-14
2024-11-14 10:31:00+05:30,23600.9,23600,285.15,,12.728395,23600,201.0,,13.188791,0.020598790724082553,0.39052388427417495,2024-11-14
2024-11-14 10:32:00+05:30,23606.9,23600,287.0,,12.643258,23600,200.75,,13.317256,0.020661332068166508,0.36008095515642113,2024-11-14
2024-11-14 10:33:00+05:30,23599.25,23600,285.1,,12.77759,23600,203.0,,13.259121,0.02068286068413191,0.40811482473423166,2024-11-14
2024-11-14 10:34:00+05:30,23607.9,23600,286.45,,12.582761,23600,198.55,,13.221034,0.02054397045056951,0.3384486932393144,2024-11-14
2024-11-14 10:35:00+05:30,23596.65,23600,283.4,,12.765878,23600,203.15,,13.205788,0.02061945233751401,0.4039268972076908,2024-11-14
2024-11-14 10:36:00+05:30,23599.9,23600,283.0,,12.644179,23600,202.75,,13.261588,0.02058271433353531,0.3604102824491076,2024-11-14
2024-11-14 10:37:00+05:30,23593.35,23600,281.0,,12.737226,23600,205.0,,13.228132,0.020599024725187397,0.39368163598070494,2024-11-14
2024-11-14 10:38:00+05:30,23595.0,23600,280.0,,12.632492,23600,204.65,,13.248775,0.020540368722186904,0.35623129431704764,2024-11-14
2024-11-14 10:39:00+05:30,23573.2,23550,298.7,,12.805854,23550,194.15,,13.361768,0.020907216669777545,0.41822134655886933,2024-11-14
2024-11-14 10:40:00+05:30,23572.2,23550,299.0,,12.854804,23550,193.7,,13.314072,0.020901740185472716,0.4357246809530107,2024-11-14
2024-11-14 10:41:00+05:30,23587.2,23600,275.7,,12.637942,23600,208.1,,13.249817,0.020511124677791343,0.35818008231394444,2024-11-14
2024-11-14 10:42:00+05:30,23581.8,23600,273.65,,12.690352,23600,210.1,,13.227945,0.020513701244179835,0.37692062890428063,2024-11-14
2024-11-14 10:43:00+05:30,23578.4,23600,272.45,,12.727847,23600,214.05,,13.359948,0.020633291487123808,0.3903279327471475,2024-11-14
2024-11-14 10:44:00+05:30,23587.65,23600,276.3,,12.658263,23600,208.65,,13.291258,0.02055948769801146,0.3654463797240228,2024-11-14
2024-11-14 10:45:00+05:30,23572.25,23550,300.0,,12.910518,23550,195.0,,13.387791,0.020999268207320048,0.45564665791797904,2024-11-14
2024-11-14 10:46:00+05:30,23566.5,23550,296.55,,12.904147,23550,197.2,,13.374948,0.0209513504338786,0.4533685426283964,2024-11-14
2024-11-14 10:47:00+05:30,23581.95,23600,273.05,,12.655395,23600,210.85,,13.273434,0.020519931557822824,0.3644208523891425,2024-11-14
2024-11-14 10:48:00+05:30,23579.05,23600,272.9,,12.73501,23600,211.9,,13.260064999999999,0.02056062479192334,0.39288924805389397,2024-11-14
2024-11-14 10:49:00+05:30,23579.3,23600,272.2,,12.689873,23600,212.3,,13.288119,0.02054768377347928,0.3767493501060212,2024-11-14
2024-11-14 10:50:00+05:30,23571.55,23550,300.0,,12.935139,23550,195.0,,13.372645,0.020999891818739118,0.46445053117881974,2024-11-14
2024-11-14 10:51:00+05:30,23570.5,23550,296.0,,12.748969,23550,195.3,,13.364951,0.020843851424450055,0.397880648356403,2024-11-14
2024-11-14 10:52:00+05:30,23568.1,23550,296.1,,12.831367,23550,196.15,,13.355974,0.02088628272962182,0.4273441774147985,2024-11-14
2024-11-14 10:53:00+05:30,23556.3,23550,289.6,,12.846851,23550,202.9,,13.449,0.020907358116512356,0.43288088078065895,2024-11-14
2024-11-14 10:54:00+05:30,23552.85,23550,288.35,,12.886352,23550,201.4,,13.285297,0.02079366191352639,0.4470054816366959,2024-11-14
2024-11-14 10:55:00+05:30,23561.65,23550,289.3,,12.663299,23550,196.8,,13.241352,0.02063098297445213,0.36724713134831094,2024-11-14
2024-11-14 10:56:00+05:30,23552.0,23550,288.9,,12.943775,23550,200.0,,13.188922,0.020758322010869565,0.46753855560839735,2024-11-14
2024-11-14 10:57:00+05:30,23558.6,23550,288.5,,12.716283,23550,199.2,,13.301572,0.0207015697027837,0.386192926435935,2024-11-14
2024-11-14 10:58:00+05:30,23558.35,23550,289.8,,12.795896,23550,199.25,,13.298632,0.020759093909378204,0.4146606069491278,2024-11-14
2024-11-14 10:59:00+05:30,23554.1,23550,286.55,,12.751073,23550,201.85,,13.340687,0.020735243545709665,0.3986329877959384,2024-11-14
2024-11-14 11:00:00+05:30,23554.05,23550,286.95,,12.775002,23550,200.0,,13.238439,0.020673727023590424,0.4071894186175406,2024-11-14
2024-11-14 11:01:00+05:30,23541.85,23550,277.95,,12.66025,23550,206.3,,13.29156,0.020569751315210997,0.3661568827973865,2024-11-14
2024-11-14 11:02:00+05:30,23540.25,23550,276.6,,12.635958,23550,207.75,,13.332357,0.020575397457546118,0.3574706519679183,2024-11-14
2024-11-14 11:03:00+05:30,23538.75,23550,273.65,,12.521125,23550,207.9,,13.304517,0.020457755828155698,0.3164091525096453,2024-11-14
2024-11-14 11:04:00+05:30,23536.4,23550,271.3,,12.464971,23550,209.2,,13.318747,0.0204151866895532,0.2963298422018085,2024-11-14
2024-11-14 11:05:00+05:30,23524.0,23500,297.2,,12.742557,23500,193.45,,13.371371,0.020857422207107634,0.39558787245987076,2024-11-14
2024-11-14 11:06:00+05:30,23523.1,23500,293.25,,12.553762,23500,194.55,,13.411327,0.020737062717073856,0.3280793532169306,2024-11-14
2024-11-14 11:07:00+05:30,23511.15,23500,289.35,,12.720261,23500,200.0,,13.431597,0.020813528900117603,0.38761536288577964,2024-11-14
2024-11-14 11:08:00+05:30,23511.3,23500,288.05,,12.644416,23500,201.85,,13.537007,0.020836789118423907,0.3604950279087893,2024-11-14
2024-11-14 11:09:00+05:30,23520.9,23500,295.15,,12.730684,23500,195.0,,13.385581,0.020838913476950285,0.3913423752328711,2024-11-14
2024-11-14 11:10:00+05:30,23515.3,23500,290.7,,12.664436,23500,195.8,,13.298931,0.020688658022649086,0.3676536950093148,2024-11-14
2024-11-14 11:11:00+05:30,23509.6,23500,286.9,,12.63616,23500,199.55,,13.371154,0.02069154728281213,0.3575428822753261,2024-11-14
2024-11-14 11:12:00+05:30,23498.3,23500,282.45,,12.745547,23500,204.0,,13.346667,0.020701497555142286,0.39665702403981956,2024-11-14
2024-11-14 11:13:00+05:30,23489.7,23500,276.0,,12.657646,23500,209.6,,13.446256,0.02067289067123037,0.36522575546822733,2024-11-14
2024-11-14 11:14:00+05:30,23490.9,23500,277.0,,12.676039,23500,207.5,,13.360631,0.020625007981814235,0.3718026467759176,2024-11-14
2024-11-14 11:15:00+05:30,23493.85,23500,277.0,,12.585673,23500,206.9,,13.399233,0.02059687960891893,0.33948995390848186,2024-11-14
2024-11-14 11:16:00+05:30,23505.7,23500,284.35,,12.620849,23500,200.55,,13.334795,0.020629038913965548,0.35206803951927484,2024-11-14
2024-11-14 11:17:00+05:30,23508.75,23500,284.25,,12.519821,23500,200.3,,13.393576,0.020611474451002285,0.31594287369350743,2024-11-14
2024-11-14 11:18:00+05:30,23511.05,23500,285.8,,12.53291,23500,199.1,,13.382203,0.02062434472301322,0.3206231830680713,2024-11-14
2024-11-14 11:19:00+05:30,23508.05,23500,285.5,,12.611562,23500,197.25,,13.209884,0.02053551868402526,0.34874723325740764,2024-11-14
2024-11-14 11:20:00+05:30,23500.55,23500,280.3,,12.561158,23500,204.6,,13.435165,0.02063355964009353,0.33072398368024153,2024-11-14
2024-11-14 11:21:00+05:30,23502.6,23500,281.75,,12.577265,23500,203.5,,13.424015,0.020646651859794238,0.33648345675657315,2024-11-14
2024-11-14 11:22:00+05:30,23507.7,23500,287.3,,12.722937,23500,197.75,,13.229724,0.02063366471411495,0.3885722356710444,2024-11-14
2024-11-14 11:23:00+05:30,23503.4,23500,284.85,,12.723482,23500,198.7,,13.180097,0.020573619135954797,0.38876711447073425,2024-11-14
2024-11-14 11:24:00+05:30,23506.75,23500,284.65,,12.607939,23500,196.5,,13.138987,0.020468588809597243,0.34745173620919595,2024-11-14
2024-11-14 11:25:00+05:30,23504.95,23500,285.0,,12.684124,23500,198.0,,13.178922,0.02054886311181262,0.37469364695113017,2024-11-14
2024-11-14 11:26:00+05:30,23504.3,23500,285.3,,12.721414,23500,198.05,,13.166447,0.020564322272945804,0.38802764775925097,2024-11-14
2024-11-14 11:27:00+05:30,23508.5,23500,287.85,,12.730274,23500,197.4,,13.230497,0.020641470106557203,0.39119576916337967,2024-11-14
2024-11-14 11:28:00+05:30,23507.7,23500,286.25,,12.667869,23500,197.05,,13.192554,0.02055922102119731,0.3688812526594695,2024-11-14
2024-11-14 11:29:00+05:30,23509.25,23500,287.05,,12.663518,23500,195.4,,13.138701,0.02052170953986197,0.36732544044396587,2024-11-14
2024-11-14 11:30:00+05:30,23501.65,23500,282.4,,12.646654999999999,23500,197.3,,13.063084,0.020411332821312543,0.36129564007852316,2024-11-14
2024-11-14 11:31:00+05:30,23501.85,23500,280.3,,12.525471,23500,199.55,,13.191563,0.02041754159778911,0.3179631768462528,2024-11-14
2024-11-14 11:32:00+05:30,23501.85,23500,280.75,,12.550644,23500,199.2,,13.172567,0.020421796581971206,0.3269644319372382,2024-11-14
2024-11-14 11:33:00+05:30,23508.9,23500,284.6,,12.541478,23500,195.65,,13.14504,0.020428433486892196,0.32368689234465986,2024-11-14
2024-11-14 11:34:00+05:30,23520.75,23500,293.0,,12.62806,23500,189.05,,13.059494,0.020494669600246592,0.35464651846342504,2024-11-14
2024-11-14 11:35:00+05:30,23517.2,23500,292.7,,12.725477,23500,190.15,,13.037635,0.02053178099433606,0.38948047815033177,2024-11-14
2024-11-14 11:36:00+05:30,23512.0,23500,288.9,,12.681643,23500,192.7,,13.05645,0.020483157536577066,0.37380650144281785,2024-11-14
2024-11-14 11:37:00+05:30,23508.5,23500,287.8,,12.732021,23500,195.75,,13.141946,0.020569155837250358,0.39182045404972415,2024-11-14
2024-11-14 11:38:00+05:30,23507.0,23500,285.75,,12.666857,23500,197.7,,13.213859,0.02056621431913898,0.3685193859708718,2024-11-14
2024-11-14 11:39:00+05:30,23507.75,23500,286.5,,12.684985,23500,197.3,,13.209851,0.02058044687390329,0.37500151969706136,2024-11-14
2024-11-14 11:40:00+05:30,23510.65,23500,288.1,,12.682073,23500,194.7,,13.135584,0.020535374394157542,0.3739602590278946,2024-11-14
2024-11-14 11:41:00+05:30,23518.75,23500,292.0,,12.640055,23500,192.55,,13.207421,0.020602710603242095,0.35893563993549327,2024-11-14
2024-11-14 11:42:00+05:30,23515.05,23500,291.25,,12.717109,23500,191.85,,13.082514,0.020544289720838358,0.38648828402959307,2024-11-14
2024-11-14 11:43:00+05:30,23512.85,23500,290.0,,12.718479,23500,193.2,,13.105451,0.020550464958522682,0.38697816284716136,2024-11-14
2024-11-14 11:44:00+05:30,23513.4,23500,287.55,,12.566427,23500,194.2,,13.173649,0.020488317299922596,0.3326080504610935,2024-11-14
2024-11-14 11:45:00+05:30,23518.2,23500,292.4,,12.681521,23500,191.2,,13.121015,0.02056279817332959,0.37376287719775,2024-11-14
2024-11-14 11:46:00+05:30,23516.3,23500,291.95,,12.717747,23500,192.85,,13.167752,0.020615487980677232,0.3867164173767521,2024-11-14
2024-11-14 11:47:00+05:30,23510.9,23500,288.85,,12.718631,23500,195.65,,13.195256,0.020607462921453452,0.3870325143656069,2024-11-14
2024-11-14 11:48:00+05:30,23513.65,23500,289.6,,12.67331,23500,193.35,,13.13358,0.020539133652155237,0.37082682247435295,2024-11-14
2024-11-14 11:49:00+05:30,23516.35,23500,291.75,,12.706475,23500,192.85,,13.169571,0.020606939427249553,0.38268582319307975,2024-11-14
2024-11-14 11:50:00+05:30,23517.35,23500,291.6,,12.666761,23500,192.05,,13.149094,0.020565667475289522,0.36848505869606374,2024-11-14
2024-11-14 11:51:00+05:30,23514.65,23500,289.65,,12.645642,23500,193.5,,13.165965,0.020546765527022514,0.3609334158141464,2024-11-14
2024-11-14 11:52:00+05:30,23507.95,23500,285.2,,12.612955,23500,197.2,,13.211897,0.020520717459412665,0.3492453363178988,2024-11-14
2024-11-14 11:53:00+05:30,23514.8,23500,288.5,,12.578329,23500,194.05,,13.200216,0.020521118614659706,0.3368639173856918,2024-11-14
2024-11-14 11:54:00+05:30,23510.45,23500,286.0,,12.578985,23500,196.3,,13.221921,0.02051428194696401,0.3370984870968776,2024-11-14
2024-11-14 11:55:00+05:30,23512.1,23500,286.25,,12.540938,23500,194.9,,13.183983,0.02046393133748155,0.3234938014238668,2024-11-14
2024-11-14 11:56:00+05:30,23514.25,23500,287.65,,12.550284,23500,192.2,,13.086035,0.02040677461539279,0.326835704656709,2024-11-14
2024-11-14 11:57:00+05:30,23516.3,23500,288.7,,12.54334,23500,192.0,,13.123277999999999,0.020441140825725134,0.32435269844561815,2024-11-14
2024-11-14 11:58:00+05:30,23520.25,23500,291.35,,12.563725,23500,189.6,,13.083355,0.02044833707124712,0.33164188070556827,2024-11-14
2024-11-14 11:59:00+05:30,23527.75,23550,266.55,,12.492043,23550,206.25,,12.958502,0.020095419238983753,0.3060101336975839,2024-11-14
2024-11-14 12:00:00+05:30,23528.6,23550,266.75,,12.477757,23550,205.5,,12.938605,0.020071317460452386,0.30090180611526096,2024-11-14
2024-11-14 12:01:00+05:30,23521.85,23500,293.15,,12.613176,23500,187.7,,13.016315,0.02044269477103204,0.34932436056511235,2024-11-14
2024-11-14 12:02:00+05:30,23521.35,23500,292.05,,12.568881,23500,188.0,,13.021477,0.020409117673943038,0.33348554142336573,2024-11-14
2024-11-14 12:03:00+05:30,23520.45,23500,292.7,,12.634169,23500,187.25,,12.959347,0.02040564700080143,0.3568309488988452,2024-11-14
2024-11-14 12:04:00+05:30,23524.95,23500,295.25,,12.630797,23500,185.5,,12.967241,0.020435750129118233,0.35562520337122405,2024-11-14
2024-11-14 12:05:00+05:30,23527.35,23550,265.8,,12.465789,23550,205.0,,12.881725,0.02001075344227038,0.2966223391892322,2024-11-14
2024-11-14 12:06:00+05:30,23536.15,23550,270.2,,12.439708,23550,199.0,,12.768662,0.019935291031030988,0.2872964052906909,2024-11-14
2024-11-14 12:07:00+05:30,23529.65,23550,268.0,,12.517371,23550,201.95,,12.771936,0.019972672776688134,0.31506681303435236,2024-11-14
2024-11-14 12:08:00+05:30,23534.05,23550,270.0,,12.493653,23550,201.45,,12.852025,0.02003267605873192,0.30658583070217144,2024-11-14
2024-11-14 12:09:00+05:30,23531.95,23550,270.0,,12.557875,23550,202.45,,12.855759,0.02007695919802651,0.32955006239697304,2024-11-14
2024-11-14 12:10:00+05:30,23535.6,23550,271.35,,12.521137,23550,200.8,,12.85454,0.020061098930981156,0.31641344341899624,2024-11-14
2024-11-14 12:11:00+05:30,23533.25,23550,270.65,,12.554825,23550,199.85,,12.745766,0.01999298864372749,0.3284594562702696,2024-11-14
2024-11-14 12:12:00+05:30,23543.05,23550,274.5,,12.466018,23550,195.85,,12.763916,0.019978295080713842,0.2967042240426801,2024-11-14
2024-11-14 12:13:00+05:30,23547.1,23550,277.5,,12.505665,23550,191.75,,12.636419,0.01992814401773467,0.3108810309624867,2024-11-14
2024-11-14 12:14:00+05:30,23562.9,23550,289.95,,12.695039,23550,187.65,,12.784767,0.020269151929516317,0.378596586581611,2024-11-14
2024-11-14 12:15:00+05:30,23555.45,23550,281.3,,12.454641,23550,188.75,,12.670347,0.019955042251368578,0.2926360844021869,2024-11-14
2024-11-14 12:16:00+05:30,23548.05,23550,277.2,,12.461064,23550,191.35,,12.637743,0.01989761360282486,0.29493279363229047,2024-11-14
2024-11-14 12:17:00+05:30,23554.7,23550,282.0,,12.517518,23550,189.95,,12.718945,0.020036340942571968,0.3151193766739017,2024-11-14
2024-11-14 12:18:00+05:30,23554.5,23550,280.45,,12.439072,23550,190.9,,12.766586,0.020011038230486746,0.28706898709508977,2024-11-14
2024-11-14 12:19:00+05:30,23547.8,23550,275.75,,12.390616,23550,192.6,,12.700928,0.019889331487442565,0.26974229513589637,2024-11-14
2024-11-14 12:20:00+05:30,23534.3,23550,270.0,,12.491328,23550,199.15,,12.734837,0.019934733559103097,0.3057544670154218,2024-11-14
2024-11-14 12:21:00+05:30,23537.75,23550,270.85,,12.432951,23550,200.2,,12.876076,0.02001253305859736,0.28488026575031866,2024-11-14
2024-11-14 12:22:00+05:30,23534.6,23550,270.5,,12.510418,23550,198.6,,12.712455,0.019932354915741083,0.3125805886412475,2024-11-14
2024-11-14 12:23:00+05:30,23540.15,23550,269.75,,12.299965,23550,197.0,,12.759359,0.019827826075874622,0.23732769317137523,2024-11-14
2024-11-14 12:24:00+05:30,23534.75,23550,269.35,,12.443832,23550,198.1,,12.689159,0.019862118781801382,0.2887710478043059,2024-11-14
2024-11-14 12:25:00+05:30,23531.8,23550,269.3,,12.531227,23550,201.8,,12.81986,0.020019717998623142,0.3200213830315986,2024-11-14
2024-11-14 12:26:00+05:30,23535.05,23550,268.9,,12.410948,23550,199.55,,12.776128,0.019904355418832762,0.2770125258795466,2024-11-14
2024-11-14 12:27:00+05:30,23533.9,23550,270.05,,12.509321,23550,200.1,,12.778472,0.019977564279613662,0.3121883280114136,2024-11-14
2024-11-14 12:28:00+05:30,23530.9,23550,266.0,,12.379455,23550,201.65,,12.790324,0.019873867977850398,0.26575139186372054,2024-11-14
2024-11-14 12:29:00+05:30,23528.35,23550,265.0,,12.402429,23550,201.25,,12.706357,0.01981651922042982,0.2739663378161414,2024-11-14
2024-11-14 12:30:00+05:30,23528.55,23550,261.25,,12.191894,23550,204.05,,12.864379,0.01977597429505856,0.1986841211323706,2024-11-14
2024-11-14 12:31:00+05:30,23522.4,23500,288.0,,12.323859,23500,185.3,,12.902829,0.02012124613134714,0.24587160884070358,2024-11-14
2024-11-14 12:32:00+05:30,23529.05,23550,261.45,,12.18855,23550,203.85,,12.866107,0.019775554049143506,0.19748838772656852,2024-11-14
2024-11-14 12:33:00+05:30,23523.65,23500,289.2,,12.350794,23500,185.4,,12.937775,0.020175440460982883,0.25550291245472195,2024-11-14
2024-11-14 12:34:00+05:30,23521.7,23500,288.2,,12.358882,23500,185.6,,12.903798,0.020143101901648263,0.25839498535727146,2024-11-14
2024-11-14 12:35:00+05:30,23524.3,23500,287.95,,12.261331,23500,187.15,,13.050068,0.02019613761089597,0.22351311051594597,2024-11-14
2024-11-14 12:36:00+05:30,23521.0,23500,286.95,,12.313142,23500,188.7,,13.059287,0.020222354491730793,0.24203946921451278,2024-11-14
2024-11-14 12:37:00+05:30,23515.3,23500,283.5,,12.30585,23500,189.55,,12.973278,0.020116689984818397,0.23943202663224367,2024-11-14
2024-11-14 12:38:00+05:30,23516.55,23500,284.25,,12.307729,23500,190.15,,13.035885,0.02017302708092811,0.24010391152144903,2024-11-14
2024-11-14 12:39:00+05:30,23523.6,23500,287.7,,12.271947,23500,186.65,,13.007035,0.020164855719362686,0.22730913498843253,2024-11-14
2024-11-14 12:40:00+05:30,23521.2,23500,287.95,,12.363843,23500,186.05,,12.918326,0.020152033059537777,0.2601689187981158,2024-11-14
2024-11-14 12:41:00+05:30,23526.8,23550,260.0,,12.181246,23550,203.75,,12.807328,0.01971156298349117,0.19487665423494846,2024-11-14
2024-11-14 12:42:00+05:30,23522.85,23500,288.3,,12.33082,23500,186.05,,12.957084,0.02016549865343698,0.24836069384004159,2024-11-14
2024-11-14 12:43:00+05:30,23522.6,23500,289.15,,12.386445,23500,185.35,,12.912775,0.020172089820002893,0.26825084656065723,2024-11-14
2024-11-14 12:44:00+05:30,23522.05,23500,288.0,,12.340953,23500,187.2,,13.002522,0.020202320801120652,0.25198400921115216,2024-11-14
2024-11-14 12:45:00+05:30,23522.65,23500,288.0,,12.322001,23500,186.6,,12.983499,0.02017629816368479,0.2452072330428625,2024-11-14
2024-11-14 12:47:00+05:30,23525.0,23500,289.0,,12.302167,23500,185.6,,12.983103999999999,0.020174282678002125,0.23811507503727733,2024-11-14
2024-11-14 12:48:00+05:30,23527.15,23550,260.05,,12.176429,23550,205.1,,12.891083,0.019770775465791646,0.19315421170631586,2024-11-14
2024-11-14 12:49:00+05:30,23529.05,23550,261.3,,12.187705,23550,203.9,,12.87232,0.019771303983798755,0.19718623619310477,2024-11-14
2024-11-14 12:50:00+05:30,23526.2,23550,262.0,,12.312553,23550,204.35,,12.827191,0.01982258078227678,0.2418288570805364,2024-11-14
2024-11-14 12:51:00+05:30,23525.9,23550,261.8,,12.311102,23550,205.5,,12.882828,0.019863214584776776,0.24131001462484916,2024-11-14
2024-11-14 12:52:00+05:30,23535.85,23550,265.0,,12.184381,23550,199.2,,12.781686,0.019723103265868878,0.19599765430288799,2024-11-14
2024-11-14 12:53:00+05:30,23543.0,23550,269.5,,12.211466,23550,197.1,,12.839593,0.019819054496028544,0.2056825942837933,2024-11-14
2024-11-14 12:54:00+05:30,23547.25,23550,271.25,,12.176071,23550,194.15,,12.779951,0.01976451602628757,0.19302619957734532,2024-11-14
2024-11-14 12:55:00+05:30,23545.05,23550,268.85,,12.113135,23550,193.8,,12.708308,0.019649565407590983,0.17052181033465488,2024-11-14
2024-11-14 12:56:00+05:30,23545.55,23550,267.4,,12.018414,23550,198.0,,12.950792999999999,0.019765943033821676,0.13665187494859823,2024-11-14
2024-11-14 12:57:00+05:30,23533.8,23550,262.65,,12.120538,23550,200.65,,12.812229,0.01968657845311849,0.17316894382842055,2024-11-14
2024-11-14 12:58:00+05:30,23533.8,23550,261.4,,12.052522,23550,200.95,,12.828845,0.01964621098165192,0.1488480696271554,2024-11-14
2024-11-14 12:59:00+05:30,23536.35,23550,264.65,,12.152932,23550,202.15,,12.956693,0.01983315169939264,0.18475225362134845,2024-11-14
2024-11-14 13:00:00+05:30,23540.7,23550,267.65,,12.184077,23550,200.15,,12.952723,0.01987196642410803,0.19588895126599692,2024-11-14
2024-11-14 13:01:00+05:30,23544.15,23550,270.0,,12.20679,23550,197.5,,12.890814,0.019856312502256397,0.20401056994003428,2024-11-14
2024-11-14 13:02:00+05:30,23543.7,23550,267.5,,12.083956,23550,199.35,,12.981608,0.01982908378886921,0.16008810667200646,2024-11-14
2024-11-14 13:03:00+05:30,23535.7,23550,263.4,,12.106098,23550,202.8,,12.977306,0.019808206256877847,0.16800554957609348,2024-11-14
2024-11-14 13:04:00+05:30,23539.2,23550,263.95,,12.029146,23550,200.4,,12.931,0.01972666870581838,0.14048937821147753,2024-11-14
2024-11-14 13:05:00+05:30,23542.15,23550,267.9,,12.155197,23550,198.85,,12.917515999999999,0.019826141622579074,0.18556216276134277,2024-11-14
2024-11-14 13:06:00+05:30,23541.25,23550,265.55,,12.054513,23550,198.65,,12.885069,0.019718579089895397,0.14956000300363634,2024-11-14
2024-11-14 13:07:00+05:30,23543.15,23550,266.95,,12.072981,23550,200.85,,13.051628,0.019869898463034892,0.15616371249477037,2024-11-14
2024-11-14 13:08:00+05:30,23542.8,23550,266.15,,12.040346,23550,198.85,,12.933798,0.019751261532188185,0.14449422693904368,2024-11-14
2024-11-14 13:09:00+05:30,23546.95,23550,267.75,,11.999655,23550,197.65,,12.967888,0.01976476783617411,0.12994411090570368,2024-11-14
2024-11-14 13:10:00+05:30,23550.6,23550,271.85,,12.111405,23550,194.6,,12.887921,0.01980628943636256,0.16990320423655744,2024-11-14
2024-11-14 13:11:00+05:30,23546.7,23550,270.4,,12.153919,23550,196.5,,12.899228,0.019828680876725825,0.18510518091546535,2024-11-14
2024-11-14 13:12:00+05:30,23551.0,23550,270.3,,12.014474,23550,195.65,,12.95553,0.019784722517090573,0.13524302637836497,2024-11-14
2024-11-14 13:13:00+05:30,23548.95,23550,270.8,,12.106599,23550,195.45,,12.895845,0.019799184252376433,0.16818469504149616,2024-11-14
2024-11-14 13:14:00+05:30,23549.95,23550,269.75,,12.018005,23550,196.15,,12.95836,0.01978348149359128,0.1365056264548864,2024-11-14
2024-11-14 13:15:00+05:30,23556.4,23550,274.3,,12.065923,23550,191.6,,12.86181,0.019778064559949734,0.1536399426448447,2024-11-14
2024-11-14 13:16:00+05:30,23558.25,23550,274.55,,12.021546,23550,191.05,,12.875474,0.019763777020788898,0.1377718022892002,2024-11-14
2024-11-14 13:17:00+05:30,23552.8,23550,274.25,,12.17749,23550,191.75,,12.785147,0.01978533337862165,0.19353359960809696,2024-11-14
2024-11-14 13:18:00+05:30,23553.6,23550,272.45,,12.053686,23550,192.75,,12.859313,0.019750696284219823,0.14926428783419932,2024-11-14
2024-11-14 13:19:00+05:30,23554.65,23550,274.45,,12.131172,23550,193.6,,12.931164,0.019870811071274672,0.1769714046649332,2024-11-14
2024-11-14 13:20:00+05:30,23552.2,23550,272.75,,12.115097,23550,194.25,,12.908888,0.019828296295038256,0.17122337401353777,2024-11-14
2024-11-14 13:21:00+05:30,23549.15,23550,269.05,,12.007588,23550,197.25,,13.001115,0.01980113931925356,0.1327807595624701,2024-11-14
2024-11-14 13:22:00+05:30,23549.4,23550,269.2,,12.008446,23550,196.45,,12.96338,0.019773327558239275,0.13308755958106375,2024-11-14
2024-11-14 13:23:00+05:30,23554.4,23550,270.8,,11.939753,23550,196.45,,13.082728,0.01983705804435689,0.10852460657724852,2024-11-14
2024-11-14 13:24:00+05:30,23558.05,23550,275.35,,12.075487,23550,192.2,,12.935712,0.01984671906206159,0.15705979739756354,2024-11-14
2024-11-14 13:25:00+05:30,23561.15,23550,277.9,,12.118104,23550,189.85,,12.879628,0.01985259632912655,0.1722986043817336,2024-11-14
2024-11-14 13:26:00+05:30,23565.25,23550,281.2,,12.169867,23550,187.15,,12.827197,0.019874603494552362,0.19080779944289672,2024-11-14
2024-11-14 13:27:00+05:30,23565.45,23550,285.7,,12.412445,23550,184.95,,12.710732,0.019972035331385564,0.2775478168210796,2024-11-14
2024-11-14 13:28:00+05:30,23566.5,23550,285.8,,12.38486,23550,185.45,,12.76304,0.019996605350815776,0.26768408895055057,2024-11-14
2024-11-14 13:29:00+05:30,23559.95,23550,282.1,,12.389626,23550,188.2,,12.761349,0.019961842024282733,0.26938829511444184,2024-11-14
2024-11-14 13:30:00+05:30,23552.55,23550,278.65,,12.433159,23550,190.8,,12.729665,0.019932024345559185,0.2849546415124023,2024-11-14
2024-11-14 13:31:00+05:30,23551.15,23550,276.6,,12.364655,23550,191.65,,12.743307,0.01988225628047887,0.26045927033086497,2024-11-14
2024-11-14 13:32:00+05:30,23539.4,23550,269.55,,12.342305,23550,198.4,,12.832061,0.01987943617934187,0.2524674516646937,2024-11-14
2024-11-14 13:33:00+05:30,23541.85,23550,269.8,,12.280959,23550,197.95,,12.866763,0.019868871817635404,0.23053160791100608,2024-11-14
2024-11-14 13:34:00+05:30,23537.1,23550,268.2,,12.339769,23550,200.0,,12.864433,0.0198920002889056,0.2515606394885236,2024-11-14
2024-11-14 13:35:00+05:30,23537.0,23550,268.4,,12.354238,23550,197.1,,12.703321,0.019777371797595276,0.25673440343844867,2024-11-14
2024-11-14 13:36:00+05:30,23538.8,23550,270.0,,12.387186,23550,196.45,,12.711483,0.019816218328886775,0.26851581021307913,2024-11-14
2024-11-14 13:37:00+05:30,23543.0,23550,271.2,,12.324031,23550,195.65,,12.769137,0.0198296733636325,0.24593311187473377,2024-11-14
2024-11-14 13:39:00+05:30,23533.4,23550,264.9,,12.274234,23550,200.45,,12.800127,0.019774023303050132,0.2281269107955701,2024-11-14
2024-11-14 13:40:00+05:30,23527.7,23550,261.8,,12.27808,23550,203.45,,12.825046,0.019774563599501863,0.2295021472425539,2024-11-14
2024-11-14 13:41:00+05:30,23527.4,23550,261.95,,12.295799,23550,204.35,,12.867106,0.019819444562510093,0.2358380324750323,2024-11-14
2024-11-14 13:42:00+05:30,23525.3,23550,261.6,,12.340479,23550,207.2,,12.971457,0.019927482327536737,0.25181451829178886,2024-11-14
2024-11-14 13:43:00+05:30,23522.05,23500,288.05,,12.370039,23500,190.55,,13.200609,0.020346866025707795,0.26238445832633067,2024-11-14
2024-11-14 13:44:00+05:30,23524.45,23500,288.55,,12.320456,23500,187.55,,13.090599,0.020238517797440535,0.2446547784639258,2024-11-14
2024-11-14 13:45:00+05:30,23524.05,23500,289.2,,12.369973,23500,188.05,,13.109215,0.020287748070591586,0.26236085832490025,2024-11-14
2024-11-14 13:46:00+05:30,23530.35,23550,262.0,,12.211285,23550,206.5,,13.058177,0.019910456070564186,0.20561787306774973,2024-11-14
2024-11-14 13:47:00+05:30,23525.95,23550,261.25,,12.303908,23550,203.6,,12.791645,0.01975903204759,0.23873761446894606,2024-11-14
2024-11-14 13:48:00+05:30,23519.8,23500,284.55,,12.250835,23500,189.15,,13.071689,0.02014047738501178,0.21975999513696934,2024-11-14
2024-11-14 13:49:00+05:30,23521.9,23500,284.5,,12.180568,23500,188.4,,13.079409,0.020104668415391613,0.19463421785661875,2024-11-14
2024-11-14 13:50:00+05:30,23526.8,23550,256.55,,12.022254,23550,204.05,,12.837788,0.019577673121716512,0.13802496594090688,2024-11-14
2024-11-14 13:51:00+05:30,23527.85,23550,260.5,,12.207159,23550,201.9,,12.746169,0.0196533044880854,0.20414251540257675,2024-11-14
2024-11-14 13:52:00+05:30,23519.45,23500,285.15,,12.297179,23500,188.0,,13.000733,0.020117392200923064,0.23633148705039292,2024-11-14
2024-11-14 13:53:00+05:30,23521.8,23500,284.9,,12.207785,23500,187.8,,13.044721,0.020096251137242897,0.20436635784038493,2024-11-14
2024-11-14 13:54:00+05:30,23524.65,23500,285.3,,12.137849,23500,186.8,,13.055856,0.020068311324504297,0.17935893814296547,2024-11-14
2024-11-14 13:55:00+05:30,23531.3,23550,259.2,,12.032853,23550,202.5,,12.864376,0.019620675440795876,0.1418149116251457,2024-11-14
2024-11-14 13:56:00+05:30,23528.0,23550,260.0,,12.177406,23550,203.2,,12.822007,0.019687181230873853,0.19350356324263981,2024-11-14
2024-11-14 13:57:00+05:30,23527.35,23550,258.3,,12.104435,23550,204.45,,12.874635,0.019668598460940143,0.1674109010552061,2024-11-14
2024-11-14 13:58:00+05:30,23531.95,23550,261.75,,12.154098,23550,202.35,,12.872676,0.019722122476037898,0.1851691869799503,2024-11-14
2024-11-14 13:59:00+05:30,23532.05,23550,262.95,,12.217255,23550,200.15,,12.75484,0.01967954343119278,0.20775260046985428,2024-11-14
2024-11-14 14:00:00+05:30,23539.05,23550,261.6,,11.92893,23550,201.5,,12.999355,0.019673691164256844,0.10465456391845797,2024-11-14
2024-11-14 14:01:00+05:30,23537.9,23550,261.25,,11.945611,23550,200.65,,12.925068,0.019623670760773048,0.11061928549207752,2024-11-14
2024-11-14 14:02:00+05:30,23543.3,23550,264.0,,11.930037,23550,200.0,,13.020257,0.0197083671362978,0.1050504003060848,2024-11-14
2024-11-14 14:03:00+05:30,23544.75,23550,266.05,,11.998103,23550,194.7,,12.764407,0.019569118380955413,0.12938915329631223,2024-11-14
2024-11-14 14:04:00+05:30,23545.8,23550,261.85,,11.734712,23550,197.2,,12.927137,0.019496046003958243,0.035206911224661054,2024-11-14
2024-11-14 14:05:00+05:30,23541.95,23550,260.55,,11.78358,23550,198.85,,12.925205,0.01951410142320411,0.05268092440490449,2024-11-14
2024-11-14 14:06:00+05:30,23541.65,23550,259.8,,11.752088,23550,198.45,,12.89622,0.01946550050654903,0.0414201479648574,2024-11-14
2024-11-14 14:07:00+05:30,23535.9,23550,257.25,,11.790155,23550,201.95,,12.948976,0.019510619946549738,0.05503198515345354,2024-11-14
2024-11-14 14:08:00+05:30,23537.2,23550,258.0,,11.791724,23550,200.3,,12.890341,0.019471304998045648,0.05559302155109209,2024-11-14
2024-11-14 14:09:00+05:30,23542.6,23550,259.5,,11.707339,23550,198.0,,12.895076,0.019432857883156494,0.025418989419332187,2024-11-14
2024-11-14 14:10:00+05:30,23540.8,23550,260.75,,11.832391,23550,198.55,,12.882003,0.01951080676952355,0.07013455576573022,2024-11-14
2024-11-14 14:11:00+05:30,23537.2,23550,258.45,,11.817718,23550,199.6,,12.85258,0.019460683513756943,0.06488784635683868,2024-11-14
2024-11-14 14:12:00+05:30,23535.55,23550,258.8,,11.888145,23550,201.7,,12.927795,0.019566145681745275,0.09007083576186851,2024-11-14
2024-11-14 14:13:00+05:30,23546.75,23550,262.0,,11.717092,23550,198.4,,13.017764,0.019552592183634684,0.028906425994328307,2024-11-14
2024-11-14 14:14:00+05:30,23548.65,23550,264.8,,11.812184,23550,196.0,,12.931656,0.019568000713416692,0.06290902199448603,2024-11-14
2024-11-14 14:15:00+05:30,23549.1,23550,264.5,,11.781959,23550,195.9,,12.937141,0.019550641001142295,0.05210129406674504,2024-11-14
2024-11-14 14:16:00+05:30,23542.7,23550,264.4,,11.976706,23550,199.0,,12.953845,0.01968338380899387,0.1217381043477637,2024-11-14
2024-11-14 14:17:00+05:30,23541.4,23550,262.35,,11.904753,23550,199.3,,12.939125,0.019610133636911994,0.09600945430360287,2024-11-14
2024-11-14 14:19:00+05:30,23540.85,23550,263.95,,12.0106,23550,197.2,,12.810987,0.019589352126197654,0.13385777780956212,2024-11-14
2024-11-14 14:20:00+05:30,23544.5,23550,265.0,,11.955481,23550,198.5,,12.970625,0.01968612627152838,0.11414855843324599,2024-11-14
2024-11-14 14:21:00+05:30,23541.45,23550,264.3,,12.012129,23550,198.55,,12.900004,0.019661065907155252,0.1344045111760307,2024-11-14
2024-11-14 14:22:00+05:30,23539.85,23550,265.0,,12.100509,23550,199.0,,12.886207,0.019711255594237007,0.16600705854588235,2024-11-14
2024-11-14 14:23:00+05:30,23538.4,23550,262.5,,12.008334,23550,200.55,,12.936309,0.019672110253883015,0.13304751109378818,2024-11-14
2024-11-14 14:24:00+05:30,23543.85,23550,262.2,,11.82338,23550,197.65,,12.909124,0.01953163989746792,0.06691244041893563,2024-11-14
2024-11-14 14:25:00+05:30,23545.9,23550,265.0,,11.913997,23550,196.25,,12.881744,0.019589397729541023,0.09931488480696254,2024-11-14
2024-11-14 14:26:00+05:30,23533.95,23550,260.3,,12.02558,23550,198.0,,12.688854,0.019473993953416233,0.13921426298268227,2024-11-14
2024-11-14 14:27:00+05:30,23530.65,23550,259.05,,12.05824,23550,201.15,,12.781088,0.019557470788099777,0.15089268793288982,2024-11-14
2024-11-14 14:28:00+05:30,23535.2,23550,260.2,,11.982628,23550,201.65,,12.91986,0.019623797545803734,0.12385566811246453,2024-11-14
2024-11-14 14:29:00+05:30,23533.75,23550,260.65,,12.052208,23550,199.25,,12.753125,0.01954214691666224,0.14873579083247204,2024-11-14
2024-11-14 14:30:00+05:30,23540.1,23550,262.0,,11.931371,23550,200.0,,12.948812,0.019626084850956453,0.10552740639560029,2024-11-14
2024-11-14 14:31:00+05:30,23541.85,23550,261.65,,11.858318,23550,199.25,,12.950192,0.019577900632278263,0.07940542299426803,2024-11-14
2024-11-14 14:32:00+05:30,23540.25,23550,263.25,,11.996309,23550,199.8,,12.941887,0.019670564246344027,0.12874766234834298,2024-11-14
2024-11-14 14:33:00+05:30,23546.15,23550,263.9,,11.849069,23550,198.5,,13.013079,0.019638029996411302,0.0760982046120122,2024-11-14
2024-11-14 14:34:00+05:30,23543.4,23550,264.0,,11.940735,23550,199.0,,12.974522,0.019665808676741676,0.10887574599246926,2024-11-14
2024-11-14 14:35:00+05:30,23540.65,23550,264.05,,12.029214,23550,199.0,,12.908282,0.019670230006393195,0.14051369336446592,2024-11-14
2024-11-14 14:36:00+05:30,23537.2,23550,264.0,,12.133316,23550,198.35,,12.789166,0.019643373043522594,0.17773804713563923,2024-11-14
2024-11-14 14:37:00+05:30,23538.1,23550,262.45,,12.02089,23550,199.85,,12.89354,0.019640497746207214,0.13753723257801373,2024-11-14
2024-11-14 14:38:00+05:30,23538.4,23550,262.3,,12.003829,23550,200.85,,12.955909,0.019676358631002956,0.1314366322082804,2024-11-14
2024-11-14 14:39:00+05:30,23536.1,23550,263.0,,12.113502,23550,199.85,,12.845339,0.019665535071655884,0.17065304064563877,2024-11-14
2024-11-14 14:40:00+05:30,23532.05,23550,258.1,,11.969006,23550,202.6,,12.897506,0.019577554866660577,0.11898477084756173,2024-11-14
2024-11-14 14:41:00+05:30,23535.25,23550,259.2,,11.931776,23550,201.05,,12.890878,0.019555772723892886,0.10567222458619493,2024-11-14
2024-11-14 14:42:00+05:30,23537.3,23550,260.15,,11.92132,23550,199.55,,12.858683,0.01953070233204318,0.10193341223838828,2024-11-14
2024-11-14 14:43:00+05:30,23536.5,23550,260.2,,11.949135,23550,200.25,,12.877846,0.019563231576487584,0.1118793825381442,2024-11-14
2024-11-14 14:44:00+05:30,23536.7,23550,261.5,,12.014835,23550,200.55,,12.899381,0.01963104428403302,0.13537211123467308,2024-11-14
2024-11-14 14:45:00+05:30,23530.15,23550,257.7,,12.007189,23550,203.3,,12.890347,0.01959188530459857,0.13263808682655062,2024-11-14
2024-11-14 14:46:00+05:30,23527.7,23550,256.8,,12.032763,23550,203.2,,12.824871,0.019551422365977126,0.1417827298050134,2024-11-14
2024-11-14 14:47:00+05:30,23530.3,23550,257.25,,11.978789,23550,201.0,,12.768375,0.019474889822909187,0.12248293469593549,2024-11-14
2024-11-14 14:48:00+05:30,23536.25,23550,260.0,,11.947993,23550,200.35,,12.878287,0.019559190610228903,0.11147103099824418,2024-11-14
2024-11-14 14:49:00+05:30,23534.0,23550,258.85,,11.95436,23550,202.2,,12.92512,0.019590804793065353,0.11374771598470963,2024-11-14
2024-11-14 14:50:00+05:30,23531.85,23550,258.0,,11.973933,23550,203.1,,12.922097,0.019594719497192107,0.12074654671191191,2024-11-14
2024-11-14 14:51:00+05:30,23535.75,23550,258.95,,11.906972,23550,203.0,,13.012128,0.019627587818531383,0.09680291495775208,2024-11-14
2024-11-14 14:52:00+05:30,23537.45,23550,260.4,,11.934741,23550,200.7,,12.927524,0.019590057546590645,0.10673243677166286,2024-11-14
2024-11-14 14:53:00+05:30,23528.05,23550,257.45,,12.060803,23550,203.8,,12.867797,0.01960425959652415,0.15180915465510003,2024-11-14
2024-11-14 14:54:00+05:30,23530.05,23550,257.75,,12.016859,23550,202.45,,12.843163,0.01955796949007758,0.13609584461186922,2024-11-14
2024-11-14 14:55:00+05:30,23531.3,23550,259.0,,12.047774,23550,203.85,,12.95078,0.01966954651889186,0.14715029982729083,2024-11-14
2024-11-14 14:56:00+05:30,23528.55,23550,257.25,,12.035937,23550,206.0,,13.001278,0.01968884610398856,0.14291767532834393,2024-11-14
2024-11-14 14:57:00+05:30,23531.0,23550,257.3,,11.964482,23550,204.1,,12.957547,0.019608176448089754,0.11736709802224823,2024-11-14
2024-11-14 14:58:00+05:30,23526.65,23550,258.25,,12.149293,23550,205.3,,12.916528,0.019703187661651786,0.18345103536066865,2024-11-14
2024-11-14 14:59:00+05:30,23528.45,23550,256.2,,11.982666,23550,205.1,,12.950124,0.019606051397350863,0.1238692559920759,2024-11-14
2024-11-14 15:00:00+05:30,23509.1,23500,277.75,,12.248867,23500,194.2,,13.114462,0.02007520492064775,0.2190562860034113,2024-11-14
2024-11-14 15:01:00+05:30,23511.85,23500,278.2,,12.186525,23500,192.65,,13.09416,0.020026071959458745,0.1967642967735934,2024-11-14
2024-11-14 15:02:00+05:30,23514.55,23500,277.45,,12.05879,23500,193.2,,13.188596,0.020015267143109267,0.15108935461147585,2024-11-14
2024-11-14 15:03:00+05:30,23518.45,23500,281.3,,12.147279,23500,190.0,,13.103397,0.020039585942100775,0.18273087774126484,2024-11-14
2024-11-14 15:04:00+05:30,23512.1,23500,281.0,,12.335049,23500,190.6,,12.987316,0.020057757495077006,0.24987288181047737,2024-11-14
2024-11-14 15:05:00+05:30,23508.2,23500,278.85,,12.340589,23500,192.9,,13.02232,0.020067465820437124,0.25185385162750584,2024-11-14
2024-11-14 15:06:00+05:30,23487.35,23500,266.95,,12.335929,23500,201.0,,12.967314,0.019923490730116424,0.25018754849621494,2024-11-14
2024-11-14 15:07:00+05:30,23530.75,23550,252.9,,11.734814,23550,205.2,,13.013819,0.01946814274938113,0.03524338395414427,2024-11-14
2024-11-14 15:08:00+05:30,23540.25,23550,261.3,,11.904601,23550,196.4,,12.762632,0.019443293932732236,0.09595510278515736,2024-11-14
2024-11-14 15:09:00+05:30,23534.85,23550,258.95,,11.94238,23550,197.15,,12.672867,0.019379770850462188,0.10946395814933056,2024-11-14
2024-11-14 15:10:00+05:30,23516.85,23500,283.7,,12.335238,23500,188.85,,13.003629,0.020094102739099836,0.2499404636327553,2024-11-14
2024-11-14 15:11:00+05:30,23521.1,23500,288.25,,12.451322,23500,185.6,,12.923195,0.020145741483178936,0.29144929039086565,2024-11-14
2024-11-14 15:12:00+05:30,23534.05,23550,259.4,,11.992955,23550,201.3,,12.881751,0.019575891102466426,0.12754835318474855,2024-11-14
2024-11-14 15:13:00+05:30,23538.0,23550,261.35,,11.979073,23550,199.25,,12.86566,0.019568357549494434,0.12258448621724123,2024-11-14
2024-11-14 15:14:00+05:30,23540.15,23550,261.75,,11.93505,23550,199.1,,12.909815,0.019577190459703953,0.10684292768745007,2024-11-14
2024-11-14 15:15:00+05:30,23542.15,23550,259.5,,11.749516,23550,200.6,,13.040904,0.01954366954589959,0.040500463060633825,2024-11-14
2024-11-14 15:16:00+05:30,23543.1,23550,260.75,,11.789218,23550,200.0,,13.031116,0.01957048986751957,0.054696936648298944,2024-11-14
2024-11-14 15:17:00+05:30,23539.55,23550,258.9,,11.798074,23550,201.1,,13.005772,0.01954158002170815,0.057863627749310434,2024-11-14
2024-11-14 15:18:00+05:30,23539.9,23550,256.15,,11.636252,23550,202.45,,13.088647,0.019481815980526677,0.0,2024-11-14
2024-11-14 15:19:00+05:30,23543.1,23550,258.95,,11.691326,23550,201.1,,13.092226,0.01954075716451954,0.01969312846625,2024-11-14
2024-11-14 15:20:00+05:30,23547.5,23550,262.65,,11.758094,23550,198.35,,13.047295,0.019577449835439006,0.04356774809501473,2024-11-14
2024-11-14 15:21:00+05:30,23551.1,23550,263.2,,11.675537,23550,198.4,,13.136653,0.01959993376105575,0.01404736448771891,2024-11-14
2024-11-14 15:22:00+05:30,23545.35,23550,260.35,,11.699481,23550,201.25,,13.155475,0.019604720252618883,0.022609158946009553,2024-11-14
2024-11-14 15:23:00+05:30,23547.8,23550,263.0,,11.769275,23550,200.05,,13.148703,0.0196642573828553,0.04756580288277582,2024-11-14
2024-11-14 15:24:00+05:30,23546.9,23550,262.4,,11.764842,23550,199.6,,13.102499,0.019620417124971864,0.04598066945337359,2024-11-14
2024-11-14 15:25:00+05:30,23549.95,23550,262.65,,11.68317,23550,202.45,,13.332907,0.019749511145458906,0.01677674041071147,2024-11-14
2024-11-14 15:26:00+05:30,23548.2,23550,264.35,,11.832492,23550,201.35,,13.230515,0.019776458497889438,0.07017067091943445,2024-11-14
2024-11-14 15:27:00+05:30,23554.95,23550,265.05,,11.658353,23550,202.6,,13.461422,0.01985357642448827,0.007902782297138058,2024-11-14
2024-11-14 15:28:00+05:30,23551.1,23550,267.5,,11.916007,23550,202.35,,13.355677,0.01995023587008675,0.10003361212324915,2024-11-14
2024-11-14 15:29:00+05:30,23559.6,23550,272.9,,11.945428,23550,196.0,,13.208676,0.01990271481688993,0.11055384912447537,2024-11-14
2024-11-18 09:15:00+05:30,23587.75,23600,244.35,,13.724256,23600,219.65,,15.591643,0.019671227649945416,0.3850313856715743,2024-11-18
2024-11-18 09:16:00+05:30,23559.0,23550,257.55,,13.853377,23550,214.7,,15.920587,0.02004541788700709,0.473534318610833,2024-11-18
2024-11-18 09:17:00+05:30,23523.85,23500,269.55,,14.121929,23500,207.35,,15.900688,0.02027304204031228,0.65760692993435,2024-11-18
2024-11-18 09:18:00+05:30,23535.3,23550,244.15,,13.83235,23550,217.4,,15.406103,0.01961096735541931,0.45912185920520715,2024-11-18
2024-11-18 09:19:00+05:30,23528.2,23550,238.05,,13.688141,23550,223.85,,15.608008,0.019631761035693338,0.36027721382422656,2024-11-18
2024-11-18 09:20:00+05:30,23507.35,23500,257.0,,13.914253,23500,215.1,,15.930289,0.02008308039825842,0.5152603317737605,2024-11-18
2024-11-18 09:21:00+05:30,23506.15,23500,255.7,,13.874319,23500,213.0,,15.761463,0.019939462651263604,0.48788851677855116,2024-11-18
2024-11-18 09:22:00+05:30,23515.1,23500,260.0,,13.828877,23500,205.85,,15.558705,0.01981067484297324,0.4567413735669453,2024-11-18
2024-11-18 09:23:00+05:30,23512.7,23500,261.0,,13.980844,23500,206.8,,15.551834,0.019895630871826716,0.5609035564030469,2024-11-18
2024-11-18 09:24:00+05:30,23500.1,23500,253.15,,13.928029,23500,215.0,,15.716194,0.01992119182471564,0.5247027648727237,2024-11-18
2024-11-18 09:25:00+05:30,23492.2,23500,250.0,,14.005124,23500,214.3,,15.441713,0.01976400677671738,0.5775457076547046,2024-11-18
2024-11-18 09:26:00+05:30,23465.5,23450,267.2,,14.316096,23450,210.65,,15.909962,0.020363938548081228,0.7906941038256389,2024-11-18
2024-11-18 09:27:00+05:30,23479.15,23500,244.3,,14.09421,23500,225.7,,15.78674,0.020017760438516725,0.6386075975395942,2024-11-18
2024-11-18 09:28:00+05:30,23484.65,23500,243.4,,13.847361,23500,220.3,,15.604946,0.019744812036798506,0.4694107938196476,2024-11-18
2024-11-18 09:29:00+05:30,23472.3,23450,267.55,,14.092451,23450,205.0,,15.740127,0.020132240981923375,0.637401932628076,2024-11-18
2024-11-18 09:30:00+05:30,23488.3,23500,244.8,,13.81133,23500,218.5,,15.598173,0.019724714006547944,0.4447141977838797,2024-11-18
2024-11-18 09:31:00+05:30,23489.3,23500,245.25,,13.805881,23500,215.65,,15.445503,0.01962170009323394,0.44097930972085303,2024-11-18
2024-11-18 09:32:00+05:30,23467.5,23450,263.65,,14.01799,23450,204.15,,15.550535,0.01993395120911899,0.5863644027948942,2024-11-18
2024-11-18 09:33:00+05:30,23445.85,23450,251.85,,14.035286,23450,211.05,,15.371692,0.019743366096771922,0.5982195365695506,2024-11-18
2024-11-18 09:34:00+05:30,23437.3,23450,247.7,,14.069256,23450,218.35,,15.589711,0.019884969685074645,0.6215034689426474,2024-11-18
2024-11-18 09:35:00+05:30,23431.15,23450,245.0,,14.110017,23450,219.25,,15.465554,0.019813368101864397,0.6494421315113784,2024-11-18
2024-11-18 09:36:00+05:30,23417.25,23400,266.25,,14.232984,23400,200.4,,15.331902,0.019927617461486722,0.7337269508261447,2024-11-18
2024-11-18 09:37:00+05:30,23421.85,23400,262.8,,13.841429,23400,198.75,,15.356055,0.01970595832523904,0.46534484484004207,2024-11-18
2024-11-18 09:38:00+05:30,23405.15,23400,253.0,,13.815901,23400,207.85,,15.466596,0.019690110937122814,0.4478472815306396,2024-11-18
2024-11-18 09:39:00+05:30,23395.05,23400,253.55,,14.211801,23400,215.15,,15.643221,0.020034152523717628,0.7192075649133004,2024-11-18
2024-11-18 09:40:00+05:30,23383.95,23400,242.85,,13.912711999999999,23400,221.95,,15.753236,0.019876881365209896,0.5142040898018154,2024-11-18
2024-11-18 09:41:00+05:30,23399.6,23400,255.55,,14.18075,23400,213.25,,15.654657,0.020034530504794954,0.6979243919925756,2024-11-18
2024-11-18 09:42:00+05:30,23385.0,23400,245.75,,14.063975,23400,223.0,,15.852737,0.020044900577293138,0.6178837325027792,2024-11-18
2024-11-18 09:43:00+05:30,23374.7,23350,270.35,,14.265323,23350,205.35,,15.895919,0.02035106332915503,0.7558929528577486,2024-11-18
2024-11-18 09:44:00+05:30,23368.35,23350,264.1,,14.093885,23350,207.3,,15.842057,0.020172583858081555,0.6383848339828895,2024-11-18
2024-11-18 09:45:00+05:30,23374.85,23350,269.2,,14.18631,23350,201.8,,15.670791,0.020149861924247642,0.7017353623780462,2024-11-18
2024-11-18 09:46:00+05:30,23379.15,23400,246.1,,14.291765,23400,222.15,,15.625287,0.020028529694193328,0.7740169958312373,2024-11-18
2024-11-18 09:47:00+05:30,23412.25,23400,258.1,,13.894645,23400,207.55,,15.655249,0.019889160589007894,0.5018204923280237,2024-11-18
2024-11-18 09:48:00+05:30,23415.2,23400,258.3,,13.800777,23400,207.05,,15.707835,0.01987384263213639,0.4374808937410982,2024-11-18
2024-11-18 09:49:00+05:30,23425.65,23450,236.8,,13.782132,23450,223.45,,15.575982,0.019647266991524248,0.42470111984953585,2024-11-18
2024-11-18 09:50:00+05:30,23421.75,23400,267.2,,14.138648,23400,203.1,,15.639762,0.02007962684257154,0.6690665727175649,2024-11-18
2024-11-18 09:51:00+05:30,23420.65,23400,265.3,,14.056552,23400,203.0,,15.602499,0.01999517519795565,0.6127958128676457,2024-11-18
2024-11-18 09:52:00+05:30,23421.25,23400,262.85,,13.876249,23400,204.0,,15.684603,0.019932753375673802,0.4892113895922124,2024-11-18
2024-11-18 09:53:00+05:30,23398.1,23400,255.05,,14.209428,23400,212.3,,15.554472,0.01997384403007082,0.7175810482361933,2024-11-18
2024-11-18 09:54:00+05:30,23406.85,23400,258.55,,14.123363,23400,209.45,,15.625234,0.01999414701251984,0.6585898312891635,2024-11-18
2024-11-18 09:55:00+05:30,23417.65,23400,265.85,,14.204672,23400,205.0,,15.648112,0.0201066289742993,0.7143211606186938,2024-11-18
2024-11-18 09:56:00+05:30,23409.2,23400,263.05,,14.330818,23400,206.7,,15.516328,0.020066896775626675,0.8007849502311952,2024-11-18
2024-11-18 09:57:00+05:30,23404.9,23400,261.65,,14.3955,23400,208.05,,15.479738,0.0200684472054997,0.8451196959997154,2024-11-18
2024-11-18 09:58:00+05:30,23406.15,23400,260.5,,14.277054,23400,209.55,,15.613053,0.02008232878965571,0.7639336891152929,2024-11-18
2024-11-18 09:59:00+05:30,23405.85,23400,257.05,,14.065578,23400,207.1,,15.44671,0.019830512457355745,0.61898247090708,2024-11-18
2024-11-18 10:00:00+05:30,23415.6,23400,263.45,,14.127264,23400,202.35,,15.42034,0.019892721091921625,0.661263679395948,2024-11-18
2024-11-18 10:01:00+05:30,23430.1,23450,241.1,,13.91229,23450,218.1,,15.370605,0.01959872130293938,0.5139148398912645,2024-11-18
2024-11-18 10:02:00+05:30,23434.2,23450,243.55,,13.928196,23450,215.0,,15.293924,0.019567555111759737,0.524817231069553,2024-11-18
2024-11-18 10:03:00+05:30,23461.8,23450,258.75,,13.928351,23450,198.0,,15.003743,0.019467815768611105,0.5249234721504425,2024-11-18
2024-11-18 10:04:00+05:30,23471.35,23450,265.85,,14.039677,23450,192.0,,14.8876,0.01950676036955693,0.6012292435772124,2024-11-18
2024-11-18 10:05:00+05:30,23472.8,23450,266.55,,14.032321,23450,192.95,,14.990223,0.01957584949388228,0.5961872475060763,2024-11-18
2024-11-18 10:06:00+05:30,23459.3,23450,261.8,,14.217448,23450,198.0,,14.933394999999999,0.019599902810399288,0.7230781673893343,2024-11-18
2024-11-18 10:07:00+05:30,23459.5,23450,260.05,,14.097945,23450,199.35,,15.026538,0.01958268505296362,0.641167664875876,2024-11-18
2024-11-18 10:08:00+05:30,23457.75,23450,260.15,,14.168041,23450,200.45,,15.047634,0.01963530176594089,0.6892133087859325,2024-11-18
2024-11-18 10:09:00+05:30,23487.05,23500,248.0,,14.084439,23500,206.5,,14.807548,0.019351089217249505,0.6319102968855599,2024-11-18
2024-11-18 10:10:00+05:30,23486.15,23500,249.0,,14.180503999999999,23500,207.3,,14.832706,0.019428471673731112,0.6977557771158079,2024-11-18
2024-11-18 10:11:00+05:30,23483.95,23500,247.4,,14.154871,23500,209.35,,14.899552,0.019449453775876716,0.680186244041932,2024-11-18
2024-11-18 10:12:00+05:30,23483.5,23500,246.65,,14.123004,23500,208.6,,14.838553,0.01938595183852492,0.6583437632372962,2024-11-18
2024-11-18 10:13:00+05:30,23465.45,23450,264.55,,14.176957,23450,192.3,,14.743527,0.019469049176555318,0.6953245699292505,2024-11-18
2024-11-18 10:14:00+05:30,23450.0,23450,257.95,,14.306956,23450,200.5,,14.829536,0.0195501066098081,0.7844293071847759,2024-11-18
2024-11-18 10:15:00+05:30,23434.9,23450,250.0,,14.326489,23450,210.15,,15.008157,0.01963524486983089,0.7978177396558893,2024-11-18
2024-11-18 10:16:00+05:30,23441.15,23450,251.05,,14.176455,23450,209.4,,15.144626,0.019642807626758928,0.6949804859124334,2024-11-18
2024-11-18 10:17:00+05:30,23439.35,23450,254.15,,14.439487,23450,206.6,,14.912101,0.019657115065050867,0.8752695439036129,2024-11-18
2024-11-18 10:18:00+05:30,23439.3,23450,254.8,,14.483673,23450,208.55,,15.03635,0.019768081811316892,0.9055557916468465,2024-11-18
2024-11-18 10:19:00+05:30,23425.9,23450,245.55,,14.353856,23450,214.8,,15.040162,0.019651326096329275,0.8165758019830761,2024-11-18
2024-11-18 10:20:00+05:30,23421.7,23400,272.5,,14.503558,23400,195.9,,15.184075,0.019998548354730868,0.9191854941855289,2024-11-18
2024-11-18 10:21:00+05:30,23435.35,23450,248.05,,14.18934,23450,208.35,,14.908074,0.0194748531598632,0.703812204152861,2024-11-18
2024-11-18 10:22:00+05:30,23437.9,23450,248.05,,14.101078,23450,208.55,,14.99661,0.019481267519700998,0.6433151055625087,2024-11-18
2024-11-18 10:23:00+05:30,23446.95,23450,255.55,,14.266238,23450,203.5,,14.937406,0.01957823938721241,0.7565201179481627,2024-11-18
2024-11-18 10:24:00+05:30,23452.3,23450,260.0,,14.36367,23450,200.75,,14.915965,0.019646260707904983,0.8233025759692281,2024-11-18
2024-11-18 10:25:00+05:30,23444.05,23450,253.9,,14.263642,23450,203.7,,14.866402,0.019518811809393005,0.7547407511998397,2024-11-18
2024-11-18 10:26:00+05:30,23436.15,23450,250.0,,14.29004,23450,205.4,,14.74398,0.019431519255509115,0.7728346354148816,2024-11-18
2024-11-18 10:27:00+05:30,23425.85,23450,245.55,,14.360674,23450,209.65,,14.711037,0.01943152543024053,0.8212490386895746,2024-11-18
2024-11-18 10:28:00+05:30,23415.8,23400,266.45,,14.332295,23400,195.65,,15.003461,0.019734538217784574,0.8017973249181264,2024-11-18
2024-11-18 10:29:00+05:30,23406.1,23400,263.85,,14.515354,23400,198.5,,14.910156,0.01975339761856952,0.9272707831544149,2024-11-18
2024-11-18 10:30:00+05:30,23409.95,23400,264.35,,14.409786,23400,196.85,,14.914616,0.01970102456434123,0.854911696526123,2024-11-18
2024-11-18 10:31:00+05:30,23413.6,23400,269.65,,14.621462,23400,194.25,,14.851234999999999,0.01981327091946561,1.0,2024-11-18
2024-11-18 10:32:00+05:30,23402.15,23400,260.5,,14.442131,23400,203.1,,15.094159,0.01981014564901088,0.8770818111156962,2024-11-18
2024-11-18 10:33:00+05:30,23397.8,23400,257.15,,14.381199,23400,205.8,,15.142195,0.01978604826094761,0.8353174140783833,2024-11-18
2024-11-18 10:34:00+05:30,23399.05,23400,257.85,,14.382656,23400,202.95,,14.995103,0.019693107198796533,0.8363160802387486,2024-11-18
2024-11-18 10:35:00+05:30,23399.0,23400,255.9,,14.259136,23400,202.6,,14.971432,0.019594854480960724,0.7516522201644202,2024-11-18
2024-11-18 10:36:00+05:30,23391.25,23400,253.35,,14.369202,23400,209.25,,15.173759,0.01977662587506012,0.8270943544175042,2024-11-18
2024-11-18 10:37:00+05:30,23389.2,23400,251.9,,14.34828,23400,208.65,,15.075005,0.019690711952525097,0.8127538647763531,2024-11-18
2024-11-18 10:38:00+05:30,23391.65,23400,251.8,,14.256431,23400,209.0,,15.170187,0.019699337156634952,0.749798141946309,2024-11-18
2024-11-18 10:39:00+05:30,23381.15,23400,246.15,,14.259527,23400,214.55,,15.216805,0.01970390677960665,0.7519202218587945,2024-11-18
2024-11-18 10:40:00+05:30,23385.3,23400,248.45,,14.264111,23400,212.1,,15.182975,0.01969399580078083,0.755062216147822,2024-11-18
2024-11-18 10:41:00+05:30,23379.4,23400,245.25,,14.2634,23400,216.0,,15.258604,0.019728906644310804,0.7545748780283857,2024-11-18
2024-11-18 10:42:00+05:30,23380.55,23400,246.65,,14.31443,23400,217.35,,15.38032,0.019845555386849328,0.7895521835626543,2024-11-18
2024-11-18 10:43:00+05:30,23375.55,23400,243.9,,14.310454,23400,219.0,,15.336906,0.019802742609264807,0.7868269284812465,2024-11-18
2024-11-18 10:44:00+05:30,23370.35,23350,270.0,,14.442461,23350,197.85,,15.310225,0.020018955642512843,0.8773080018040423,2024-11-18
2024-11-18 10:45:00+05:30,23379.9,23400,241.95,,14.036056,23400,214.1,,15.152756,0.019506071454540006,0.5987473148423593,2024-11-18
2024-11-18 10:46:00+05:30,23373.7,23350,267.8,,14.177022,23350,196.15,,15.295646,0.019849232256767223,0.6953691226405909,2024-11-18
2024-11-18 10:47:00+05:30,23368.1,23350,264.4,,14.162869,23350,199.35,,15.344695,0.01984543030883983,0.6856682838158513,2024-11-18
2024-11-18 10:48:00+05:30,23354.75,23350,255.0,,14.038599,23350,208.5,,15.553753,0.01984606985730954,0.6004903539952815,2024-11-18
2024-11-18 10:49:00+05:30,23353.35,23350,254.85,,14.079875,23350,211.6,,15.714088,0.019973579807607902,0.6287820111230984,2024-11-18
2024-11-18 10:50:00+05:30,23374.35,23350,270.0,,14.298819,23350,196.8,,15.357887,0.019970608808373282,0.7788519931512204,2024-11-18
2024-11-18 10:51:00+05:30,23371.35,23350,270.3,,14.429755,23350,197.0,,15.28618,0.019994565996401578,0.8685989748763838,2024-11-18
2024-11-18 10:52:00+05:30,23379.0,23400,241.7,,14.055502,23400,216.15,,15.260502,0.019583814534411225,0.6120761152229082,2024-11-18
2024-11-18 10:53:00+05:30,23373.1,23350,268.6,,14.255835,23350,197.3,,15.356149,0.019933171038501528,0.7493896278546293,2024-11-18
2024-11-18 10:54:00+05:30,23372.85,23350,267.6,,14.200603,23350,198.35,,15.417703,0.019935523481304167,0.7115321608887509,2024-11-18
2024-11-18 10:55:00+05:30,23388.95,23400,250.4,,14.271814,23400,207.0,,14.968034,0.019556243439743982,0.7603420551548855,2024-11-18
2024-11-18 10:56:00+05:30,23400.6,23400,252.1,,13.969853,23400,203.55,,15.087341,0.019471722947274856,0.5533700356284611,2024-11-18
2024-11-18 10:57:00+05:30,23411.4,23400,259.85,,14.083221,23400,198.1,,15.047355,0.019560983110792178,0.631075447617664,2024-11-18
2024-11-18 10:58:00+05:30,23408.85,23400,259.2,,14.134115,23400,200.5,,15.129771,0.019637872001401182,0.6659595351712811,2024-11-18
2024-11-18 10:59:00+05:30,23413.5,23400,263.0,,14.212398,23400,194.9,,14.901021,0.01955709313003182,0.7196167644313092,2024-11-18
2024-11-18 11:00:00+05:30,23405.05,23400,255.6,,14.039293,23400,203.45,,15.211608,0.019613288585155767,0.6009660398671377,2024-11-18
2024-11-18 11:01:00+05:30,23391.55,23400,250.0,,14.158442,23400,207.4,,15.072813,0.01955406973885869,0.6826339014603703,2024-11-18
2024-11-18 11:02:00+05:30,23395.95,23400,254.15,,14.271666,23400,203.95,,14.979716,0.019580311977072957,0.7602406120582943,2024-11-18
2024-11-18 11:03:00+05:30,23387.65,23400,249.75,,14.280536,23400,207.9,,14.990644,0.019568019873736776,0.76632034359051,2024-11-18
2024-11-18 11:04:00+05:30,23385.55,23400,246.0,,14.112652,23400,211.5,,15.1609,0.019563362845859945,0.6512482298865079,2024-11-18
2024-11-18 11:05:00+05:30,23376.95,23400,240.2,,14.037841,23400,216.75,,15.242604,0.019547032440074517,0.5999708008384139,2024-11-18
2024-11-18 11:06:00+05:30,23377.1,23400,241.05,,14.088076,23400,215.8,,15.186296,0.01954262932527987,0.6344031924416665,2024-11-18
2024-11-18 11:07:00+05:30,23386.4,23400,246.25,,14.100973,23400,211.6,,15.19374,0.019577617760749837,0.6432431357980352,2024-11-18
2024-11-18 11:08:00+05:30,23376.45,23400,240.55,,14.07953,23400,217.05,,15.248043,0.01957525629426196,0.6285455390398277,2024-11-18
2024-11-18 11:09:00+05:30,23368.8,23350,263.95,,14.121988,23350,200.6,,15.454562,0.019879069528602238,0.6576473700877211,2024-11-18
2024-11-18 11:10:00+05:30,23372.2,23350,264.15,,14.010172,23350,198.3,,15.402332,0.01978632734616339,0.5810057397600741,2024-11-18
2024-11-18 11:11:00+05:30,23380.2,23400,241.7,,14.025909,23400,216.45,,15.323101,0.019595640755853242,0.5917922938888764,2024-11-18
2024-11-18 11:12:00+05:30,23384.6,23400,243.15,,13.966987,23400,214.0,,15.296925,0.01954919049288848,0.5514056037714898,2024-11-18
2024-11-18 11:13:00+05:30,23387.3,23400,244.25,,13.944156,23400,212.0,,15.248553,0.019508451167941577,0.5357566352695713,2024-11-18
2024-11-18 11:14:00+05:30,23380.65,23400,242.2,,14.044436,23400,215.95,,15.305506,0.01959526360473297,0.6044911874736966,2024-11-18
2024-11-18 11:15:00+05:30,23386.4,23400,244.75,,14.009219,23400,212.45,,15.25164,0.01954982382923408,0.5803525284691827,2024-11-18
2024-11-18 11:16:00+05:30,23390.0,23400,247.75,,14.077235,23400,210.65,,15.24255,0.0195981188542112,0.6269724856163288,2024-11-18
2024-11-18 11:17:00+05:30,23395.45,23400,250.0,,14.030734,23400,206.25,,15.119317,0.01950165523638143,0.5950994759230301,2024-11-18
2024-11-18 11:18:00+05:30,23403.05,23400,255.0,,14.083744,23400,201.35,,15.024726,0.01949959513824053,0.631433925587376,2024-11-18
2024-11-18 11:19:00+05:30,23404.95,23400,253.45,,13.915701,23400,201.05,,15.060785,0.019418969064236413,0.5162528290971706,2024-11-18
2024-11-18 11:20:00+05:30,23406.3,23400,255.7,,14.01346,23400,201.85,,15.152012,0.01954815583838539,0.5832594215275964,2024-11-18
2024-11-18 11:21:00+05:30,23403.85,23400,254.65,,14.034269,23400,202.75,,15.139657,0.019543793008415283,0.5975224579936478,2024-11-18
2024-11-18 11:22:00+05:30,23401.35,23400,252.1,,13.959463,23400,205.0,,15.212896,0.019533061126815337,0.5462484560771953,2024-11-18
2024-11-18 11:23:00+05:30,23401.65,23400,251.7,,13.92345,23400,205.0,,15.222019,0.019515717908779935,0.5215641977153377,2024-11-18
2024-11-18 11:24:00+05:30,23397.9,23400,249.6,,13.922177,23400,206.25,,15.193777,0.019482517661841448,0.520691649999383,2024-11-18
2024-11-18 11:25:00+05:30,23399.8,23400,249.0,,13.816141,23400,206.25,,15.249688,0.019455294489696493,0.4480117838494367,2024-11-18
2024-11-18 11:26:00+05:30,23409.05,23400,254.95,,13.869187,23400,199.3,,15.068608,0.01940488828038729,0.4843709088616031,2024-11-18
2024-11-18 11:27:00+05:30,23419.45,23400,261.0,,13.882586,23400,195.2,,15.100802,0.01947953517268766,0.4935549362347888,2024-11-18
2024-11-18 11:28:00+05:30,23432.5,23450,238.6,,13.722445,23450,204.1,,14.574816,0.01889256374693268,0.38379007859098324,2024-11-18
2024-11-18 11:29:00+05:30,23426.35,23450,237.0,,13.832942,23450,205.5,,14.481683,0.01888898612033031,0.4595276315915733,2024-11-18
2024-11-18 11:30:00+05:30,23418.8,23400,261.05,,13.911679,23400,191.7,,14.856254999999999,0.019332758296753037,0.5134960444046591,2024-11-18
2024-11-18 11:31:00+05:30,23409.95,23400,257.6,,14.011619,23400,197.85,,15.002497,0.019455402510470975,0.5819975516571552,2024-11-18
2024-11-18 11:32:00+05:30,23408.9,23400,256.5,,13.978967,23400,198.75,,15.030956,0.01944773141839215,0.5596170111847876,2024-11-18
2024-11-18 11:33:00+05:30,23416.0,23400,261.0,,14.013128,23400,193.2,,14.87505,0.01939699350871199,0.5830318599865933,2024-11-18
2024-11-18 11:34:00+05:30,23409.1,23400,254.3,,13.830256,23400,197.45,,14.953251999999999,0.019298050758038542,0.4576865764737013,2024-11-18
2024-11-18 11:35:00+05:30,23405.75,23400,253.95,,13.929392,23400,198.2,,14.905531,0.01931790265212608,0.5256370009582262,2024-11-18
2024-11-18 11:36:00+05:30,23408.65,23400,254.35,,13.851086,23400,198.3,,14.996124,0.019336869063359054,0.47196400689264767,2024-11-18
2024-11-18 11:37:00+05:30,23413.25,23400,258.95,,13.98302,23400,194.2,,14.862857,0.019354425378791923,0.5623950440934758,2024-11-18
2024-11-18 11:38:00+05:30,23411.3,23400,255.95,,13.859916,23400,196.85,,14.979164,0.019341087423594586,0.4780163213717303,2024-11-18
2024-11-18 11:39:00+05:30,23413.1,23400,259.0,,13.993013,23400,193.2,,14.794447,0.019313973800991754,0.5692445093923969,2024-11-18
2024-11-18 11:40:00+05:30,23413.05,23400,258.2,,13.943517,23400,193.7,,14.825828,0.019301201680259512,0.5353186478457738,2024-11-18
2024-11-18 11:41:00+05:30,23412.9,23400,257.75,,13.920397,23400,193.05,,14.779741,0.01925434269142225,0.5194715911349699,2024-11-18
2024-11-18 11:42:00+05:30,23415.0,23400,258.85,,13.915761999999999,23400,192.0,,14.772024,0.0192547512278454,0.5162946401031974,2024-11-18
2024-11-18 11:43:00+05:30,23429.4,23450,237.25,,13.752399,23450,205.4,,14.571571,0.018892929396399392,0.4043213388295391,2024-11-18
2024-11-18 11:44:00+05:30,23432.8,23450,239.0,,13.747723,23450,203.55,,14.554114,0.018885920589942304,0.4011162853183057,2024-11-18
2024-11-18 11:45:00+05:30,23440.75,23450,244.25,,13.808524,23450,200.0,,14.560751,0.018952038650640445,0.44279089150660855,2024-11-18
2024-11-18 11:46:00+05:30,23439.0,23450,242.85,,13.780383,23450,198.7,,14.425752,0.018838261017961516,0.4235023092013006,2024-11-18
2024-11-18 11:47:00+05:30,23438.45,23450,241.55,,13.716457,23450,200.55,,14.529194,0.01886216878675851,0.37968574573699115,2024-11-18
2024-11-18 11:48:00+05:30,23434.85,23450,239.1,,13.685162,23450,202.05,,14.519776,0.018824528426680778,0.3582353287921556,2024-11-18
2024-11-18 11:49:00+05:30,23425.9,23450,236.75,,13.844819,23450,206.5,,14.53974,0.018921364814158688,0.4676684400930532,2024-11-18
2024-11-18 11:50:00+05:30,23422.4,23400,264.85,,14.038898,23400,189.2,,14.803422,0.01938528929571692,0.6006952964674498,2024-11-18
2024-11-18 11:51:00+05:30,23423.25,23400,266.75,,14.13182,23400,188.1,,14.756278,0.019418739927209078,0.6643864817477821,2024-11-18
2024-11-18 11:52:00+05:30,23422.15,23400,264.95,,14.055938,23400,187.5,,14.686537,0.019317184801566037,0.6123749611020557,2024-11-18
2024-11-18 11:53:00+05:30,23432.95,23450,244.15,,14.080107,23450,199.8,,14.320154,0.018945544628397194,0.6289410300312693,2024-11-18
2024-11-18 11:54:00+05:30,23439.45,23450,246.2,,13.985754,23450,198.5,,14.428987,0.01897228817229073,0.5642689996751081,2024-11-18
2024-11-18 11:55:00+05:30,23436.8,23450,246.5,,14.098633,23450,196.0,,14.189914,0.018880563899508467,0.6416392381897617,2024-11-18
2024-11-18 11:56:00+05:30,23427.9,23450,238.9,,13.918702,23450,202.0,,14.312388,0.018819441776685063,0.5183097935084643,2024-11-18
2024-11-18 11:57:00+05:30,23433.55,23450,243.0,,13.987615,23450,199.55,,14.323281,0.018885316138613228,0.5655445780721152,2024-11-18
2024-11-18 11:58:00+05:30,23449.95,23450,252.85,,14.046067,23450,191.1,,14.259532,0.01893181008914731,0.6056091178151907,2024-11-18
2024-11-18 11:59:00+05:30,23453.4,23450,255.15,,14.072058,23450,189.65,,14.265975,0.018965267295999726,0.6234240335146062,2024-11-18
2024-11-18 12:00:00+05:30,23457.7,23450,255.75,,13.956772,23450,188.2,,14.296298,0.018925555361352563,0.5444039738276819,2024-11-18
2024-11-18 12:01:00+05:30,23456.2,23450,252.4,,13.794589,23450,190.4,,14.395947,0.018877738082042274,0.4332394756214421,2024-11-18
2024-11-18 12:02:00+05:30,23450.15,23450,248.0,,13.727788,23450,194.6,,14.493022,0.01887407969671836,0.38745231146320736,2024-11-18
2024-11-18 12:03:00+05:30,23465.65,23450,261.7,,14.05559,23450,185.0,,14.317024,0.019036336091265316,0.6121364327398005,2024-11-18
2024-11-18 12:04:00+05:30,23461.25,23450,259.7,,14.086738,23450,186.05,,14.260128,0.018999413927220418,0.6334860920143726,2024-11-18
2024-11-18 12:05:00+05:30,23460.05,23450,257.75,,14.004505,23450,189.0,,14.417302,0.01904301141728172,0.5771214287574731,2024-11-18
2024-11-18 12:06:00+05:30,23463.4,23450,262.1,,14.165506,23450,187.95,,14.445369,0.0191809371190876,0.6874757530436363,2024-11-18
2024-11-18 12:07:00+05:30,23464.7,23450,259.1,,13.92413,23450,186.35,,14.379024,0.018983835293014614,0.522030287618596,2024-11-18
2024-11-18 12:08:00+05:30,23474.6,23450,268.55,,14.174701,23450,180.8,,14.298742,0.019141966210286864,0.6937782481325567,2024-11-18
2024-11-18 12:09:00+05:30,23468.85,23450,264.7,,14.137024,23450,182.4,,14.241122,0.01905078433753678,0.6679534403603702,2024-11-18
2024-11-18 12:10:00+05:30,23465.1,23450,260.15,,13.979575,23450,186.6,,14.40771,0.019038913109255876,0.5600337503924072,2024-11-18
2024-11-18 12:11:00+05:30,23474.15,23450,266.2,,14.040436,23450,182.95,,14.426981,0.01913381315191391,0.601749482160409,2024-11-18
2024-11-18 12:12:00+05:30,23474.4,23450,265.7,,13.999288,23450,182.8,,14.424621,0.019105919640118596,0.5735455596026174,2024-11-18
2024-11-18 12:13:00+05:30,23481.25,23500,239.75,,13.833812,23500,200.25,,14.279387,0.018738355070535,0.46012395249721394,2024-11-18
2024-11-18 12:14:00+05:30,23477.55,23500,236.75,,13.769363,23500,203.8,,14.397780000000001,0.018764734821137642,0.41594891106319254,2024-11-18
2024-11-18 12:15:00+05:30,23475.4,23500,235.55,,13.766841,23500,201.8,,14.205133,0.01863014048748903,0.414220265863164,2024-11-18
2024-11-18 12:16:00+05:30,23477.55,23500,237.85,,13.841380000000001,23500,198.65,,14.067217,0.01859222959806283,0.46531125894995506,2024-11-18
2024-11-18 12:17:00+05:30,23487.15,23500,244.05,,13.90773,23500,194.55,,14.088489,0.018674040911732585,0.5107892958341166,2024-11-18
2024-11-18 12:18:00+05:30,23482.3,23500,240.9,,13.874534,23500,196.8,,14.090292,0.01863957108119733,0.4880358834391409,2024-11-18
2024-11-18 12:19:00+05:30,23485.4,23500,239.65,,13.686696,23500,197.05,,14.198554,0.018594531070367123,0.3592867727798011,2024-11-18
2024-11-18 12:20:00+05:30,23472.35,23450,263.1,,13.911144,23450,182.95,,14.379616,0.019003210160039367,0.5131293413190073,2024-11-18
2024-11-18 12:21:00+05:30,23472.1,23450,264.3,,13.999084,23450,183.55,,14.411936,0.01908009935199663,0.5734057326316397,2024-11-18
2024-11-18 12:22:00+05:30,23480.75,23500,237.4,,13.705494,23500,200.5,,14.283785,0.018649319123111484,0.37217141689959743,2024-11-18
2024-11-18 12:23:00+05:30,23481.85,23500,239.55,,13.806374,23500,199.3,,14.239614,0.018688902279845925,0.4413172249007161,2024-11-18
2024-11-18 12:24:00+05:30,23480.55,23500,238.25,,13.768398,23500,200.95,,14.307502,0.01870484294447958,0.4152874746563613,2024-11-18
2024-11-18 12:25:00+05:30,23493.5,23500,249.5,,14.041003,23500,191.25,,14.064888,0.018760508225679443,0.6021381188885677,2024-11-18
2024-11-18 12:26:00+05:30,23501.35,23500,252.15,,13.933921,23500,188.15,,14.093214,0.018735093941411877,0.5287412967991962,2024-11-18
2024-11-18 12:27:00+05:30,23522.6,23500,268.45,,14.219045,23500,178.7,,14.086722,0.019009378214993242,0.7241727932356646,2024-11-18
2024-11-18 12:28:00+05:30,23529.85,23550,244.95,,14.19151,23550,194.6,,13.853962,0.018680527075183223,0.7052995792853194,2024-11-18
2024-11-18 12:29:00+05:30,23542.5,23550,254.0,,14.333683,23550,189.5,,13.898686,0.018838271211638526,0.8027486966618375,2024-11-18
2024-11-18 12:30:00+05:30,23558.65,23550,266.1,,14.540539,23550,180.0,,13.752037,0.01893572000093384,0.9445332452332036,2024-11-18
2024-11-18 12:31:00+05:30,23534.8,23550,244.05,,13.96411,23550,192.25,,13.850443,0.018538504682427726,0.5494336322249077,2024-11-18
2024-11-18 12:32:00+05:30,23533.55,23550,244.45,,14.033893,23550,196.8,,14.106372,0.01874982737411058,0.5972647376941993,2024-11-18
2024-11-18 12:33:00+05:30,23518.6,23500,266.15,,14.220577,23500,179.45,,14.025007,0.018946706011412243,0.7252228663706546,2024-11-18
2024-11-18 12:34:00+05:30,23534.2,23550,246.2,,14.125089,23550,191.65,,13.795183,0.018604838915280742,0.659772877131847,2024-11-18
2024-11-18 12:35:00+05:30,23534.15,23550,243.95,,13.982809,23550,194.7,,13.990151,0.018638871597232105,0.5622504191381997,2024-11-18
2024-11-18 12:36:00+05:30,23534.45,23550,243.75,,13.960153,23550,192.6,,13.864326,0.018540904928732137,0.5467214002437378,2024-11-18
2024-11-18 12:37:00+05:30,23522.85,23500,269.6,,14.29099,23500,175.05,,13.860204,0.018902896545274064,0.7734857904267884,2024-11-18
2024-11-18 12:38:00+05:30,23507.3,23500,258.0,,14.106291,23500,181.45,,13.83531,0.018694192867747466,0.6468882330120519,2024-11-18
2024-11-18 12:39:00+05:30,23510.4,23500,259.35,,14.08235,23500,182.35,,13.982496,0.018787430243636858,0.6304784412856955,2024-11-18
2024-11-18 12:40:00+05:30,23511.0,23500,257.0,,13.909054,23500,182.85,,14.032337,0.018708264216749607,0.511696800292814,2024-11-18
2024-11-18 12:41:00+05:30,23518.8,23500,262.05,,13.952422,23500,179.35,,14.026982,0.018767964351922718,0.5414223692994811,2024-11-18
2024-11-18 12:42:00+05:30,23527.55,23550,238.7,,13.878113,23550,195.0,,13.815972,0.018433708567190378,0.49048902426820534,2024-11-18
2024-11-18 12:43:00+05:30,23532.85,23550,243.0,,13.971926999999999,23550,192.15,,13.790494,0.018491172977348685,0.5547916098333999,2024-11-18
2024-11-18 12:44:00+05:30,23525.7,23550,236.85,,13.824133,23550,196.95,,13.886707,0.01843940881674084,0.4534897110653856,2024-11-18
2024-11-18 12:45:00+05:30,23524.5,23500,265.05,,13.939644,23500,177.25,,14.052169,0.01880167484962486,0.5326639916761825,2024-11-18
2024-11-18 12:46:00+05:30,23528.65,23550,239.95,,13.923046,23550,192.65,,13.69905,0.018386095249833714,0.5212872854786946,2024-11-18
2024-11-18 12:47:00+05:30,23537.45,23550,245.0,,13.942934,23550,188.5,,13.692618,0.018417458135864335,0.5349190442963616,2024-11-18
2024-11-18 12:48:00+05:30,23534.35,23550,242.85,,13.913321999999999,23550,190.25,,13.714293,0.018402887693945234,0.5146221998620918,2024-11-18
2024-11-18 12:49:00+05:30,23553.1,23550,255.5,,14.067669,23550,178.35,,13.493261,0.01842008058387219,0.6204156973596012,2024-11-18
2024-11-18 12:50:00+05:30,23533.45,23550,242.1,,13.897631,23550,190.4,,13.698037,0.018378095859298147,0.5038671753443931,2024-11-18
2024-11-18 12:51:00+05:30,23517.5,23500,261.25,,13.954586,23500,176.9,,13.8348,0.01863080684596577,0.5429056318739701,2024-11-18
2024-11-18 12:52:00+05:30,23506.25,23500,256.85,,14.078671,23500,181.05,,13.784153,0.018629088008508377,0.627956757823799,2024-11-18
2024-11-18 12:53:00+05:30,23508.95,23500,258.55,,14.091987,23500,180.55,,13.829387,0.018677992849531776,0.637083894811734,2024-11-18
2024-11-18 12:54:00+05:30,23505.6,23500,256.15,,14.05804,23500,182.7,,13.873003,0.018670019059287998,0.613815727244189,2024-11-18
2024-11-18 12:55:00+05:30,23495.9,23500,249.55,,13.978397,23500,188.25,,13.951689,0.018633038104520362,0.5592263181776431,2024-11-18
2024-11-18 12:56:00+05:30,23494.7,23500,251.35,,14.137792,23500,187.8,,13.887989,0.01869144956096481,0.6684798477805208,2024-11-18
2024-11-18 12:57:00+05:30,23492.45,23500,249.2,,14.079075,23500,190.2,,13.977564,0.018703881459788144,0.6282336700604408,2024-11-18
2024-11-18 12:58:00+05:30,23491.85,23500,248.75,,14.071813,23500,189.55,,13.918373,0.018657534421512145,0.6232561040641675,2024-11-18
2024-11-18 12:59:00+05:30,23480.35,23500,238.0,,13.781094,23500,195.6,,13.969211,0.01846650497117803,0.42398964732073685,2024-11-18
2024-11-18 13:00:00+05:30,23487.2,23500,244.45,,13.958922,23500,190.65,,13.85339,0.018524983820974828,0.5458776404335731,2024-11-18
2024-11-18 13:01:00+05:30,23493.1,23500,245.4,,13.813287,23500,190.0,,13.985063,0.018533101208439925,0.4460555771084064,2024-11-18
2024-11-18 13:02:00+05:30,23500.35,23500,251.35,,13.940802,23500,184.4,,13.834437,0.018542277029916576,0.5334577153643795,2024-11-18
2024-11-18 13:03:00+05:30,23501.4,23500,252.95,,14.007392,23500,183.6,,13.813386,0.018575489119797114,0.5791002545673382,2024-11-18
2024-11-18 13:04:00+05:30,23492.05,23500,246.3,,13.91039,23500,189.45,,13.919846,0.018548828220610804,0.5126125298674522,2024-11-18
2024-11-18 13:05:00+05:30,23494.8,23500,249.25,,14.00436,23500,186.25,,13.793857,0.01853601648024244,0.5770220419398665,2024-11-18
2024-11-18 13:06:00+05:30,23490.0,23500,244.9,,13.893486,23500,188.95,,13.828119,0.018469561515538527,0.5010260832134977,2024-11-18
2024-11-18 13:07:00+05:30,23493.85,23500,247.9,,13.952041,23500,185.4,,13.711898,0.018443124477256816,0.5411612218683898,2024-11-18
2024-11-18 13:08:00+05:30,23499.55,23500,251.9,,14.008746,23500,182.8,,13.709843,0.01849822656178523,0.5800283218158868,2024-11-18
2024-11-18 13:09:00+05:30,23507.15,23500,256.25,,14.018286,23500,180.1,,13.754243,0.018562437386071898,0.5865672889880779,2024-11-18
2024-11-18 13:10:00+05:30,23496.1,23500,248.6,,13.919439,23500,186.45,,13.846377,0.018515838798779372,0.5188149527124382,2024-11-18
2024-11-18 13:11:00+05:30,23491.8,23500,245.35,,13.862282,23500,189.6,,13.924625,0.018514971181433523,0.47963804006454025,2024-11-18
2024-11-18 13:12:00+05:30,23483.2,23500,240.5,,13.851383,23500,193.8,,13.942383,0.01849407235811133,0.4721675785121591,2024-11-18
2024-11-18 13:13:00+05:30,23481.05,23500,241.0,,13.959022,23500,193.0,,13.827228,0.018482989474491132,0.5459461830664051,2024-11-18
2024-11-18 13:14:00+05:30,23492.15,23500,246.0,,13.893812,23500,188.45,,13.86163,0.018493411628990958,0.5012495321965315,2024-11-18
2024-11-18 13:15:00+05:30,23484.4,23500,241.8,,13.895303,23500,191.7,,13.843515,0.018459062185961744,0.5022715028520592,2024-11-18
2024-11-18 13:16:00+05:30,23472.7,23450,267.2,,14.20122,23450,177.4,,14.048408,0.018941152913810513,0.7119550689333257,2024-11-18
2024-11-18 13:17:00+05:30,23476.05,23500,235.45,,13.77669,23500,196.0,,13.872633,0.018378304697766447,0.4209710297708075,2024-11-18
2024-11-18 13:18:00+05:30,23463.15,23450,255.45,,13.788768,23450,182.1,,14.084377,0.018648391200669984,0.42924960896427933,2024-11-18
2024-11-18 13:19:00+05:30,23452.35,23450,248.6,,13.736117,23450,188.15,,14.166955,0.018622867217997344,0.39316122735180076,2024-11-18
2024-11-18 13:20:00+05:30,23461.25,23450,256.8,,13.947148,23450,179.25,,13.845549,0.018585966220896158,0.537807430843911,2024-11-18
2024-11-18 13:21:00+05:30,23462.15,23450,254.05,,13.736161,23450,182.0,,14.050385,0.01858525326962789,0.3931913861102463,2024-11-18
2024-11-18 13:22:00+05:30,23472.15,23450,261.25,,13.837656,23450,176.3,,13.963354,0.01864124078961663,0.4627587313032841,2024-11-18
2024-11-18 13:23:00+05:30,23468.25,23450,255.9,,13.633861,23450,180.6,,14.133627,0.018599597328305264,0.3230722727229107,2024-11-18
2024-11-18 13:24:00+05:30,23466.0,23450,254.15,,13.60342,23450,182.8,,14.213256,0.018620557402198926,0.30220720986246236,2024-11-18
2024-11-18 13:25:00+05:30,23453.75,23450,249.85,,13.770612,23450,188.2,,14.212891,0.018677183819218672,0.4168050085472664,2024-11-18
2024-11-18 13:26:00+05:30,23453.9,23450,250.8,,13.827507,23450,188.15,,14.214345,0.018715437517854174,0.45580233949714444,2024-11-18
2024-11-18 13:27:00+05:30,23458.4,23450,255.95,,13.999935,23450,183.85,,14.065285,0.018748081710602594,0.5739890304370423,2024-11-18
2024-11-18 13:28:00+05:30,23461.55,23450,257.65,,13.996603,23450,183.6,,14.139724,0.01880736779965518,0.5717051899110732,2024-11-18
2024-11-18 13:29:00+05:30,23459.6,23450,255.4,,13.921921,23450,184.95,,14.171926,0.018770567273099288,0.5205161808593325,2024-11-18
2024-11-18 13:30:00+05:30,23465.55,23450,261.2,,14.082708,23450,179.4,,13.981347,0.01877646166401384,0.6307238239112349,2024-11-18
2024-11-18 13:31:00+05:30,23457.95,23450,254.25,,13.908349,23450,185.0,,14.128473,0.01872499515089767,0.511213574731347,2024-11-18
2024-11-18 13:32:00+05:30,23461.35,23450,255.1,,13.840625,23450,183.4,,14.122424,0.01869031406973597,0.4647937620720709,2024-11-18
2024-11-18 13:33:00+05:30,23455.1,23450,252.95,,13.92827,23450,186.55,,14.14769,0.018737929064467855,0.5248679526178487,2024-11-18
2024-11-18 13:34:00+05:30,23467.85,23450,260.45,,13.952015,23450,180.0,,14.087144,0.018768229727052117,0.5411434007838534,2024-11-18
2024-11-18 13:35:00+05:30,23473.35,23450,261.65,,13.827514,23450,177.55,,14.083254,0.01871058029637866,0.4558071374814428,2024-11-18
2024-11-18 13:36:00+05:30,23466.7,23450,257.0,,13.770878,23450,181.95,,14.182166,0.018705229111890466,0.41698733195059995,2024-11-18
2024-11-18 13:37:00+05:30,23467.05,23450,255.85,,13.683703,23450,182.25,,14.212007,0.018668729132975813,0.3572352917791335,2024-11-18
2024-11-18 13:38:00+05:30,23502.85,23500,246.45,,13.556636,23500,185.25,,13.974224,0.018367985159246644,0.27014022451824765,2024-11-18
2024-11-18 13:39:00+05:30,23498.6,23500,246.55,,13.716123,23500,186.8,,13.951783,0.018441524175908355,0.3794568133433313,2024-11-18
2024-11-18 13:40:00+05:30,23477.35,23500,232.6,,13.562293,23500,199.7,,14.158168,0.0184134921530752,0.2740176812575657,2024-11-18
2024-11-18 13:41:00+05:30,23471.6,23450,258.25,,13.67447,23450,182.9,,14.384827,0.018795054448780654,0.35090675048973685,2024-11-18
2024-11-18 13:42:00+05:30,23461.6,23450,255.1,,13.83787,23450,185.0,,14.237201,0.018758311453609303,0.4629054125375448,2024-11-18
2024-11-18 13:43:00+05:30,23467.75,23450,256.55,,13.707318,23450,184.65,,14.390349,0.018800268453515998,0.3734216345224573,2024-11-18
2024-11-18 13:44:00+05:30,23463.6,23450,254.3,,13.713937,23450,185.3,,14.31468,0.01873540292197276,0.3779584713896195,2024-11-18
2024-11-18 13:45:00+05:30,23468.1,23450,256.85,,13.71523,23450,181.35,,14.186107,0.01867215496780737,0.37884472763214005,2024-11-18
2024-11-18 13:46:00+05:30,23466.2,23450,254.8,,13.652277,23450,183.95,,14.301751,0.018697104771969897,0.33569508398528797,2024-11-18
2024-11-18 13:47:00+05:30,23473.1,23450,254.65,,13.387379,23450,179.95,,14.23706,0.018514810570397607,0.1541270204654588,2024-11-18
2024-11-18 13:48:00+05:30,23471.2,23450,258.45,,13.706802,23450,181.2,,14.265263,0.01873146664848836,0.37306795453704245,2024-11-18
2024-11-18 13:49:00+05:30,23473.9,23450,261.4,,13.799688,23450,178.0,,14.133111,0.018718662003331357,0.4367344644695554,2024-11-18
2024-11-18 13:50:00+05:30,23482.1,23500,236.8,,13.674702,23500,192.55,,13.842057,0.018284139834171563,0.35106576939790785,2024-11-18
2024-11-18 13:51:00+05:30,23483.95,23500,238.5,,13.720588,23500,191.2,,13.810182,0.018297603256692337,0.38251724189928865,2024-11-18
2024-11-18 13:52:00+05:30,23486.9,23500,240.3,,13.734232,23500,189.95,,13.817118,0.01831872235160877,0.3918691987229141,2024-11-18
2024-11-18 13:53:00+05:30,23491.85,23500,243.5,,13.767419,23500,186.5,,13.740117,0.018304220399840795,0.4146164422809347,2024-11-18
2024-11-18 13:54:00+05:30,23496.9,23500,246.7,,13.795933,23500,185.4,,13.816879,0.018389659912584212,0.4341606886067065,2024-11-18
2024-11-18 13:55:00+05:30,23489.05,23500,241.95,,13.767215,23500,190.85,,13.93979,0.01842560682530796,0.41447661530995694,2024-11-18
2024-11-18 13:56:00+05:30,23487.7,23500,240.4,,13.715111,23500,190.65,,13.887372,0.018352158789494075,0.37876316189906994,2024-11-18
2024-11-18 13:57:00+05:30,23488.3,23500,242.45,,13.827191,23500,189.25,,13.814914,0.018379363342600357,0.45558574477739366,2024-11-18
2024-11-18 13:58:00+05:30,23491.25,23500,243.2,,13.772365,23500,190.05,,13.953858,0.018443037301122758,0.4180065609008153,2024-11-18
2024-11-18 13:59:00+05:30,23492.4,23500,242.6,,13.693502,23500,189.1,,13.926521,0.018376155692904936,0.363951784370361,2024-11-18
2024-11-18 14:00:00+05:30,23497.7,23500,245.15,,13.6708,23500,187.45,,13.975011,0.018410312498670083,0.34839123586479553,2024-11-18
2024-11-18 14:01:00+05:30,23486.75,23500,236.55,,13.502681,23500,194.35,,14.100195,0.018346514524146592,0.23315804697363776,2024-11-18
2024-11-18 14:02:00+05:30,23484.7,23500,234.55,,13.445921,23500,194.75,,14.065619,0.018279986544431054,0.19425324857808327,2024-11-18
2024-11-18 14:03:00+05:30,23489.3,23500,237.25,,13.459403,23500,192.25,,14.040478,0.018284921219448858,0.2034941663365197,2024-11-18
2024-11-18 14:04:00+05:30,23483.6,23500,235.0,,13.514751,23500,195.25,,14.065942,0.018321296564410908,0.24143114275648345,2024-11-18
2024-11-18 14:05:00+05:30,23477.5,23500,231.0,,13.46926,23500,197.05,,14.000367,0.018232350122457674,0.21025041365478936,2024-11-18
2024-11-18 14:06:00+05:30,23482.4,23500,235.35,,13.580531,23500,192.6,,13.859697,0.018224287125677103,0.28651848663350166,2024-11-18
2024-11-18 14:07:00+05:30,23474.0,23450,260.55,,13.751933,23450,175.95,,14.008533,0.01859504132231405,0.4040019301605402,2024-11-18
2024-11-18 14:08:00+05:30,23484.55,23500,237.25,,13.62945,23500,191.05,,13.824105,0.018237522115603665,0.3200488571886831,2024-11-18
2024-11-18 14:09:00+05:30,23493.25,23500,240.05,,13.504546,23500,186.95,,13.815753,0.018175433369159225,0.23443636707595727,2024-11-18
2024-11-18 14:10:00+05:30,23488.3,23500,236.9,,13.476358,23500,190.15,,13.877584,0.018181392437937188,0.215115569733218,2024-11-18
2024-11-18 14:11:00+05:30,23480.45,23500,231.8,,13.422176,23500,194.0,,13.893734,0.018134235076414634,0.17797780041207856,2024-11-18
2024-11-18 14:12:00+05:30,23491.15,23500,236.0,,13.318643,23500,191.55,,14.052855,0.018200471241297252,0.10701355636192139,2024-11-18
2024-11-18 14:13:00+05:30,23485.6,23500,232.6,,13.295018,23500,193.7,,14.028305,0.018151548182716217,0.09082035935531585,2024-11-18
2024-11-18 14:14:00+05:30,23484.7,23500,231.0,,13.223733,23500,196.0,,14.150634,0.018182050441351176,0.04195974354088446,2024-11-18
2024-11-18 14:15:00+05:30,23475.45,23500,228.7,,13.397802,23500,197.65,,13.980983,0.01816152619012628,0.16127121908555933,2024-11-18
2024-11-18 14:16:00+05:30,23476.5,23500,227.8,,13.303952,23500,197.7,,14.016137,0.018124507486209612,0.09694395817254418,2024-11-18
2024-11-18 14:17:00+05:30,23477.1,23500,228.15,,13.306388,23500,197.1,,13.995755,0.01811339560678278,0.09861365670833608,2024-11-18
2024-11-18 14:18:00+05:30,23476.3,23500,225.55,,13.166729,23500,197.9,,14.023738,0.018037339785230214,0.0028877011212204047,2024-11-18
2024-11-18 14:19:00+05:30,23477.95,23500,227.1,,13.210267,23500,197.75,,14.063951,0.018095702563469127,0.03272979260370151,2024-11-18
2024-11-18 14:20:00+05:30,23473.9,23450,252.0,,13.204737,23450,179.7,,14.255306,0.018390638112968018,0.028939385008080933,2024-11-18
2024-11-18 14:21:00+05:30,23473.4,23450,254.3,,13.374561,23450,178.0,,14.130532,0.018416590694147417,0.14534122578902847,2024-11-18
2024-11-18 14:22:00+05:30,23470.3,23450,252.5,,13.373089,23450,181.95,,14.301069,0.018510628326012024,0.14433227823373876,2024-11-18
2024-11-18 14:23:00+05:30,23475.1,23500,226.8,,13.29206,23500,199.05,,14.063641,0.018140497804056216,0.08879286827613858,2024-11-18
2024-11-18 14:24:00+05:30,23462.1,23450,248.25,,13.399862,23450,185.75,,14.315566,0.018497917918685883,0.16268319732190267,2024-11-18
2024-11-18 14:25:00+05:30,23472.1,23450,256.05,,13.540021,23450,180.0,,14.225869,0.018577374840768403,0.2587518660731785,2024-11-18
2024-11-18 14:26:00+05:30,23469.1,23450,254.55,,13.554097,23450,180.3,,14.16081,0.018528618481322253,0.2683999270706391,2024-11-18
2024-11-18 14:27:00+05:30,23462.8,23450,248.8,,13.4119,23450,186.0,,14.353022,0.018531462570537192,0.17093435946224145,2024-11-18
2024-11-18 14:28:00+05:30,23444.85,23450,238.7,,13.405334,23450,193.6,,14.326383,0.01843901752410444,0.1664338501904799,2024-11-18
2024-11-18 14:29:00+05:30,23443.2,23450,239.15,,13.494012,23450,195.15,,14.378775,0.0185256279006279,0.22721608613341396,2024-11-18
2024-11-18 14:30:00+05:30,23444.75,23450,237.75,,13.348428,23450,194.35,,14.37285,0.01843056547841201,0.12742897955099106,2024-11-18
2024-11-18 14:31:00+05:30,23431.3,23450,233.2,,13.528971,23450,203.45,,14.563805,0.01863532966587428,0.25117790514522154,2024-11-18
2024-11-18 14:32:00+05:30,23427.7,23450,229.0,,13.382922,23450,207.35,,14.708485,0.018625387895525383,0.1510720753201288,2024-11-18
2024-11-18 14:33:00+05:30,23416.25,23400,249.2,,13.348061,23400,190.45,,14.771525,0.01877542305023221,0.1271774280884964,2024-11-18
2024-11-18 14:34:00+05:30,23420.65,23400,252.6,,13.407756,23400,187.6,,14.711505,0.01879537929135186,0.16809395275767516,2024-11-18
2024-11-18 14:35:00+05:30,23420.65,23400,253.75,,13.483733,23400,187.65,,14.715154,0.01884661612722106,0.2201705889045934,2024-11-18
2024-11-18 14:36:00+05:30,23420.5,23400,251.5,,13.342521,23400,188.45,,14.763558,0.018784825259921863,0.12338016622959289,2024-11-18
2024-11-18 14:37:00+05:30,23424.35,23400,255.0,,13.428572,23400,184.6,,14.621577,0.01876679609039312,0.18236178720802612,2024-11-18
2024-11-18 14:38:00+05:30,23424.25,23400,254.45,,13.39687,23400,184.55,,14.615846,0.018741261726629453,0.16063240174756288,2024-11-18
2024-11-18 14:39:00+05:30,23432.7,23450,230.15,,13.287166,23450,201.3,,14.469372,0.018412304173228013,0.08543839182533083,2024-11-18
2024-11-18 14:40:00+05:30,23425.55,23450,226.8,,13.319955,23450,201.95,,14.296818,0.018302665252256618,0.10791283570468009,2024-11-18
2024-11-18 14:41:00+05:30,23427.1,23450,230.95,,13.535672,23450,200.0,,14.217654,0.018395362635580163,0.2557709469713067,2024-11-18
2024-11-18 14:42:00+05:30,23430.0,23450,230.95,,13.435337,23450,198.05,,14.178902,0.018309859154929577,0.1869986963191239,2024-11-18
2024-11-18 14:43:00+05:30,23434.45,23450,234.05,,13.481163,23450,194.35,,14.072526,0.01828077893869922,0.2184090432408057,2024-11-18
2024-11-18 14:44:00+05:30,23437.0,23450,234.6,,13.427686,23450,191.9,,13.989840000000001,0.018197721551393098,0.181754499481132,2024-11-18
2024-11-18 14:45:00+05:30,23439.9,23450,236.25,,13.432862,23450,191.2,,14.030712,0.01823599930033831,0.18530226615652678,2024-11-18
2024-11-18 14:46:00+05:30,23444.6,23450,238.85,,13.435179,23450,190.2,,14.104713,0.018300589474761778,0.18689039895924853,2024-11-18
2024-11-18 14:47:00+05:30,23455.25,23450,240.55,,13.162516,23450,187.2,,14.220802,0.01823685528826169,0.0,2024-11-18
2024-11-18 14:48:00+05:30,23456.85,23450,247.05,,13.528501,23450,183.75,,14.042838,0.0183656373298205,0.25085575477091027,2024-11-18
2024-11-18 14:49:00+05:30,23459.5,23450,249.7,,13.605273,23450,182.65,,14.047924,0.018429634050171572,0.3034773048488433,2024-11-18
2024-11-18 14:50:00+05:30,23448.25,23450,243.1,,13.583346,23450,188.3,,14.089674,0.018397961468339854,0.28844796174772797,2024-11-18
2024-11-18 14:51:00+05:30,23448.05,23450,241.6,,13.493583,23450,189.0,,14.129685,0.018364000417945205,0.22692203823856352,2024-11-18
2024-11-18 14:52:00+05:30,23446.05,23450,239.55,,13.432574,23450,190.85,,14.191672,0.018357036686350154,0.18510486337397047,2024-11-18
2024-11-18 14:53:00+05:30,23460.75,23450,247.0,,13.385939,23450,183.95,,14.170029,0.01836897797384994,0.15314000655267604,2024-11-18
2024-11-18 14:54:00+05:30,23469.8,23450,255.25,,13.591578,23450,176.1,,13.916392,0.018378938039523132,0.294090391282474,2024-11-18
2024-11-18 14:55:00+05:30,23467.95,23450,255.65,,13.686913,23450,176.85,,13.913257,0.01842938987001421,0.35943551029304766,2024-11-18
2024-11-18 14:56:00+05:30,23460.35,23450,249.1,,13.539482,23450,180.4,,13.928179,0.01830748475619503,0.2583824212822131,2024-11-18
2024-11-18 14:57:00+05:30,23462.75,23450,245.9,,13.243132,23450,181.0,,14.036506,0.01819479813747323,0.055256328884002,2024-11-18
2024-11-18 14:58:00+05:30,23460.95,23450,248.75,,13.495933,23450,180.15,,13.929808,0.018281442141089767,0.22853279011012123,2024-11-18
2024-11-18 14:59:00+05:30,23450.05,23450,241.85,,13.442917,23450,186.0,,13.995845,0.018245163656367473,0.19219422788780366,2024-11-18
2024-11-18 15:00:00+05:30,23446.25,23450,242.3,,13.609253,23450,186.05,,13.88836,0.01826944607346591,0.30620530163556486,2024-11-18
2024-11-18 15:01:00+05:30,23452.0,23450,242.65,,13.425881,23450,185.4,,14.0143,0.01825217465461368,0.18051730495851145,2024-11-18
2024-11-18 15:02:00+05:30,23452.25,23450,242.6,,13.414208,23450,184.8,,13.982868999999999,0.018224264196399064,0.17251632342800927,2024-11-18
2024-11-18 15:03:00+05:30,23451.6,23450,245.9,,13.653219,23450,183.6,,13.886207,0.01831431544116393,0.3363407555865674,2024-11-18
2024-11-18 15:04:00+05:30,23447.3,23450,241.05,,13.492832,23450,185.85,,13.9075,0.018206787135405782,0.22640728306599422,2024-11-18
2024-11-18 15:05:00+05:30,23445.5,23450,241.0,,13.554663,23450,187.2,,13.942881,0.01826363268004521,0.26878787837246876,2024-11-18
2024-11-18 15:06:00+05:30,23446.1,23450,240.8,,13.520815,23450,187.35,,13.97059,0.018261032751715638,0.24558756801142798,2024-11-18
2024-11-18 15:07:00+05:30,23445.6,23450,238.75,,13.405974,23450,187.1,,13.940014,0.01816332275565565,0.1668725230406064,2024-11-18
2024-11-18 15:08:00+05:30,23445.55,23450,238.4,,13.385615,23450,187.75,,13.981163,0.01817615709590946,0.15291792842229912,2024-11-18
2024-11-18 15:09:00+05:30,23440.65,23450,237.15,,13.47964,23450,187.55,,13.824203,0.018118098260927064,0.21736513894277096,2024-11-18
2024-11-18 15:10:00+05:30,23441.65,23450,238.85,,13.55524,23450,187.2,,13.831328,0.0181749151616887,0.2691833693639104,2024-11-18
2024-11-18 15:11:00+05:30,23437.0,23450,237.1,,13.606817,23450,187.6,,13.720038,0.018120919912958142,0.3045356030997718,2024-11-18
2024-11-18 15:12:00+05:30,23442.45,23450,237.55,,13.443505,23450,186.5,,13.810108,0.018088979607506894,0.19259725856885732,2024-11-18
2024-11-18 15:13:00+05:30,23458.35,23450,245.55,,13.391646,23450,179.65,,13.827704,0.018125742006577617,0.1570517346084089,2024-11-18
2024-11-18 15:14:00+05:30,23453.55,23450,244.45,,13.495186,23450,182.75,,13.891347,0.01821472655525496,0.22802077664286438,2024-11-18
2024-11-18 15:15:00+05:30,23461.15,23450,251.75,,13.695143999999999,23450,180.6,,13.97091,0.018428337911824442,0.36507725440146466,2024-11-18
2024-11-18 15:16:00+05:30,23463.85,23450,253.8,,13.73059,23450,178.15,,13.888705,0.018409169850642587,0.38937287603516485,2024-11-18
2024-11-18 15:17:00+05:30,23474.45,23450,259.45,,13.70787,23450,170.6,,13.695847,0.01831991803854829,0.37379998985569035,2024-11-18
2024-11-18 15:18:00+05:30,23462.65,23450,251.55,,13.628987,23450,176.4,,13.740798,0.018239627663541844,0.31973150479867013,2024-11-18
2024-11-18 15:19:00+05:30,23462.55,23450,254.0,,13.793294,23450,176.6,,13.751344,0.01835265135290069,0.4323518485262647,2024-11-18
2024-11-18 15:20:00+05:30,23454.2,23450,249.95,,13.833898,23450,179.2,,13.680935999999999,0.01829736251929292,0.46018289916144933,2024-11-18
2024-11-18 15:21:00+05:30,23461.5,23450,252.95,,13.764488,23450,178.85,,13.868857,0.01840462033544317,0.41260745771262286,2024-11-18
2024-11-18 15:22:00+05:30,23454.55,23450,247.75,,13.679092,23450,181.2,,13.822129,0.01828856234717784,0.35407479097924177,2024-11-18
2024-11-18 15:23:00+05:30,23452.65,23450,247.8,,13.751740999999999,23450,182.9,,13.878135,0.018364662415547923,0.4038703283055023,2024-11-18
2024-11-18 15:24:00+05:30,23449.2,23450,246.85,,13.814771,23450,183.5,,13.817072,0.01835243846271941,0.44707274977963585,2024-11-18
2024-11-18 15:25:00+05:30,23450.65,23450,248.0,,13.838163,23450,184.5,,13.924846,0.018442985588885595,0.4631062424517426,2024-11-18
2024-11-18 15:26:00+05:30,23459.15,23450,248.35,,13.553321,23450,183.35,,14.096692,0.018402201273277165,0.26786803623986116,2024-11-18
2024-11-18 15:27:00+05:30,23463.1,23450,248.75,,13.435167999999999,23450,182.4,,14.14866,0.0183756622100234,0.18688285926963655,2024-11-18
2024-11-18 15:28:00+05:30,23465.25,23450,247.5,,13.274694,23450,182.85,,14.240016,0.018339885575478634,0.07688975465850016,2024-11-18
2024-11-18 15:29:00+05:30,23465.3,23450,246.8,,13.227669,23450,180.05,,14.058886,0.01819069008280312,0.04465758156916054,2024-11-18
2024-11-19 09:15:00+05:30,23551.1,23550,226.9,,13.047633,23550,171.4,,13.403116,0.016912161215399707,0.6144562554247416,2024-11-19
2024-11-19 09:16:00+05:30,23567.9,23550,237.45,,13.125238,23550,164.7,,13.451479,0.017063463439678545,0.6468866526171857,2024-11-19
2024-11-19 09:17:00+05:30,23591.2,23600,222.95,,13.116786,23600,173.45,,13.21688,0.016802875648546916,0.6433546415731738,2024-11-19
2024-11-19 09:18:00+05:30,23590.0,23600,220.9,,13.023709,23600,174.55,,13.254395,0.01676345909283595,0.6044586415798604,2024-11-19
2024-11-19 09:19:00+05:30,23590.05,23600,222.0,,13.096384,23600,175.4,,13.313343,0.016846085531823797,0.6348288382934855,2024-11-19
2024-11-19 09:20:00+05:30,23591.8,23600,222.6,,13.073252,23600,175.6,,13.380645,0.016878746004967828,0.6251621937750186,2024-11-19
2024-11-19 09:21:00+05:30,23597.85,23600,225.55,,13.049158,23600,173.55,,13.427231,0.016912557711825444,0.6150935385343158,2024-11-19
2024-11-19 09:22:00+05:30,23593.2,23600,223.6,,13.090335,23600,174.65,,13.360282,0.01687986368953766,0.6323010182739363,2024-11-19
2024-11-19 09:23:00+05:30,23608.6,23600,233.25,,13.167171,23600,167.35,,13.333264,0.016968392873783284,0.6644100576229296,2024-11-19
2024-11-19 09:24:00+05:30,23639.35,23650,225.05,,13.297227,23650,172.4,,13.0685,0.01681306804121095,0.7187592327696404,2024-11-19
2024-11-19 09:25:00+05:30,23630.0,23650,219.0,,13.230743,23650,177.25,,13.105742,0.016768937790943714,0.6909761965356037,2024-11-19
2024-11-19 09:26:00+05:30,23629.35,23650,216.4,,13.08077,23650,180.0,,13.269883,0.01677574711111393,0.6283038950325763,2024-11-19
2024-11-19 09:27:00+05:30,23642.8,23650,228.3,,13.391083,23650,171.8,,13.13448,0.01692269951105622,0.7579807695120416,2024-11-19
2024-11-19 09:28:00+05:30,23656.35,23650,236.0,,13.407293,23650,165.9,,13.146264,0.01698909595098145,0.7647547755488884,2024-11-19
2024-11-19 09:29:00+05:30,23663.85,23650,240.0,,13.394801,23650,162.6,,13.146424,0.017013292427056462,0.7595344866277105,2024-11-19
2024-11-19 09:30:00+05:30,23649.75,23650,226.95,,13.046404,23650,170.85,,13.282045,0.01682047378936352,0.6139426679220102,2024-11-19
2024-11-19 09:31:00+05:30,23645.05,23650,225.0,,13.089842,23650,171.6,,13.190782,0.016773066667230562,0.6320949982260549,2024-11-19
2024-11-19 09:32:00+05:30,23654.7,23650,234.7,,13.384229,23650,165.8,,13.091792,0.016931096145797662,0.7551165475887502,2024-11-19
2024-11-19 09:33:00+05:30,23674.8,23650,244.35,,13.27213,23650,157.7,,13.136603,0.01698219203541318,0.7082714332935921,2024-11-19
2024-11-19 09:34:00+05:30,23671.55,23650,242.3,,13.259501,23650,161.35,,13.289291,0.017052115302969177,0.7029938933651934,2024-11-19
2024-11-19 09:35:00+05:30,23677.9,23700,212.05,,12.815886,23700,179.2,,13.150609,0.016523847131713537,0.5176113709693936,2024-11-19
2024-11-19 09:36:00+05:30,23676.8,23700,211.5,,12.819087,23700,180.1,,13.176836,0.01653939721583998,0.5189490386636527,2024-11-19
2024-11-19 09:37:00+05:30,23689.75,23700,220.3,,12.940866,23700,172.8,,13.088324,0.01659367447946897,0.5698393336149914,2024-11-19
2024-11-19 09:38:00+05:30,23690.05,23700,218.65,,12.820169,23700,173.65,,13.154686,0.016559694893003605,0.5194011962535274,2024-11-19
2024-11-19 09:39:00+05:30,23689.75,23700,217.4,,12.748109,23700,173.25,,13.119133,0.016490254223873194,0.48928800223655006,2024-11-19
2024-11-19 09:40:00+05:30,23689.2,23700,218.05,,12.812301,23700,174.0,,13.15288,0.016549735744558702,0.5161132332986901,2024-11-19
2024-11-19 09:41:00+05:30,23679.8,23700,212.05,,12.751677,23700,176.35,,13.021312,0.01640216555883073,0.49077903576767157,2024-11-19
2024-11-19 09:42:00+05:30,23674.65,23650,235.65,,12.695255,23650,157.95,,13.152421,0.016625377777496182,0.4672008143851303,2024-11-19
2024-11-19 09:43:00+05:30,23686.75,23700,212.7,,12.545428,23700,173.15,,13.022167,0.016289697826844123,0.40458952490439687,2024-11-19
2024-11-19 09:44:00+05:30,23702.6,23700,227.0,,12.920838999999999,23700,161.35,,12.710937,0.016384278517968497,0.5614702392966731,2024-11-19
2024-11-19 09:45:00+05:30,23706.25,23700,228.5,,12.885767,23700,160.1,,12.735824,0.01639230160822568,0.5468139814481661,2024-11-19
2024-11-19 09:46:00+05:30,23701.8,23700,225.0,,12.817717,23700,163.1,,12.80521,0.016374283809668464,0.5183765285914456,2024-11-19
2024-11-19 09:47:00+05:30,23700.0,23700,222.25,,12.700791,23700,164.45,,12.842287,0.01631645569620253,0.46951425654552464,2024-11-19
2024-11-19 09:48:00+05:30,23687.05,23700,213.0,,12.557758,23700,170.3,,12.842439,0.016181837755229123,0.4097421155542628,2024-11-19
2024-11-19 09:49:00+05:30,23671.6,23650,235.6,,12.814624,23650,156.25,,12.951495,0.016553591645685126,0.5170839930780607,2024-11-19
2024-11-19 09:50:00+05:30,23659.15,23650,230.2,,12.926237,23650,160.15,,12.850047,0.01649890211609462,0.5637260125592831,2024-11-19
2024-11-19 09:51:00+05:30,23656.45,23650,227.9,,12.873715,23650,161.15,,12.837675,0.016445831897854497,0.5417775643749969,2024-11-19
2024-11-19 09:52:00+05:30,23658.85,23650,232.05,,13.063504,23650,158.35,,12.720553,0.01650122470027072,0.6210885965605099,2024-11-19
2024-11-19 09:53:00+05:30,23672.35,23650,237.6,,12.923561,23650,153.8,,12.808932,0.016534057666433625,0.562607737410942,2024-11-19
2024-11-19 09:54:00+05:30,23684.85,23700,213.75,,12.691594,23700,165.2,,12.435859,0.015999679119774877,0.46567091703158975,2024-11-19
2024-11-19 09:55:00+05:30,23672.85,23650,235.4,,12.756643,23650,154.4,,12.864726,0.016466120471341644,0.49285428030678197,2024-11-19
2024-11-19 09:56:00+05:30,23674.1,23650,236.75,,12.800223,23650,153.5,,12.840335,0.016484259169303163,0.5110659510708658,2024-11-19
2024-11-19 09:57:00+05:30,23673.0,23650,234.05,,12.660724,23650,155.05,,12.913768,0.01643644658471677,0.4527706353315607,2024-11-19
2024-11-19 09:58:00+05:30,23679.15,23700,207.9,,12.508427,23700,172.15,,12.726336,0.016049984902329686,0.3891271561585993,2024-11-19
2024-11-19 09:59:00+05:30,23675.7,23700,208.6,,12.679283999999999,23700,171.8,,12.596106,0.016067106780369746,0.4605266841929965,2024-11-19
2024-11-19 10:00:00+05:30,23692.2,23700,214.6,,12.484269,23700,167.85,,12.839468,0.016142443504613333,0.37903175592182253,2024-11-19
2024-11-19 10:01:00+05:30,23694.25,23700,216.45,,12.533498,23700,165.0,,12.710909,0.016098842546187365,0.39960409047999323,2024-11-19
2024-11-19 10:02:00+05:30,23693.25,23700,212.45,,12.302768,23700,166.55,,12.784883,0.01599611703755289,0.30318420072788205,2024-11-19
2024-11-19 10:03:00+05:30,23691.5,23700,214.45,,12.50181,23700,166.65,,12.738838,0.016085937994639428,0.3863619742988949,2024-11-19
2024-11-19 10:04:00+05:30,23688.7,23700,212.6,,12.480967,23700,166.45,,12.640556,0.01600130019798469,0.3776518812806339,2024-11-19
2024-11-19 10:05:00+05:30,23692.55,23700,217.0,,12.635453,23700,165.3,,12.680909,0.016135873935055535,0.4422101228974359,2024-11-19
2024-11-19 10:06:00+05:30,23692.35,23700,218.05,,12.713811,23700,166.0,,12.722101,0.01620987365119965,0.474955191684312,2024-11-19
2024-11-19 10:07:00+05:30,23692.3,23700,215.65,,12.555414,23700,167.15,,12.798,0.016157148102970163,0.408762580073056,2024-11-19
2024-11-19 10:08:00+05:30,23693.75,23700,213.9,,12.385349,23700,166.5,,12.798732,0.016054866789765233,0.3376940213650729,2024-11-19
2024-11-19 10:09:00+05:30,23695.7,23700,217.05,,12.525312,23700,165.8,,12.811096,0.016156939866726876,0.39618323832591357,2024-11-19
2024-11-19 10:10:00+05:30,23705.45,23700,222.05,,12.498347,23700,162.25,,12.865207999999999,0.016211461921203773,0.38491481927695775,2024-11-19
2024-11-19 10:11:00+05:30,23702.9,23700,221.95,,12.587907,23700,164.4,,12.93404,0.016299693286475493,0.42234109815789644,2024-11-19
2024-11-19 10:12:00+05:30,23700.45,23700,219.95,,12.545636,23700,163.75,,12.817426,0.016189566020898338,0.4046764461416374,2024-11-19
2024-11-19 10:13:00+05:30,23692.8,23700,213.0,,12.36313,23700,168.7,,12.919141,0.016110379524581307,0.3284089109312232,2024-11-19
2024-11-19 10:14:00+05:30,23691.85,23700,212.55,,12.368526,23700,169.0,,12.910737,0.016104694230294387,0.33066384841270513,2024-11-19
2024-11-19 10:15:00+05:30,23686.3,23700,208.85,,12.32419,23700,172.0,,12.942554,0.01607891481573737,0.31213625238249854,2024-11-19
2024-11-19 10:16:00+05:30,23687.35,23700,212.55,,12.534443,23700,167.95,,12.703836,0.016063426259163648,0.3999989970626471,2024-11-19
2024-11-19 10:17:00+05:30,23691.5,23700,214.65,,12.524089,23700,166.5,,12.733551,0.01608804845619737,0.3956721581665637,2024-11-19
2024-11-19 10:18:00+05:30,23694.1,23700,216.0,,12.51964,23700,165.45,,12.742339,0.016098944462967574,0.39381296304886304,2024-11-19
2024-11-19 10:19:00+05:30,23687.7,23700,211.9,,12.480034999999999,23700,167.85,,12.708858,0.01603152691059073,0.37726240727530724,2024-11-19
2024-11-19 10:20:00+05:30,23694.95,23700,216.45,,12.519745,23700,165.45,,12.768736,0.01611735834006824,0.3938568415580467,2024-11-19
2024-11-19 10:21:00+05:30,23696.6,23700,214.7,,12.341848,23700,166.85,,12.912864,0.016101466033101794,0.3195153639555184,2024-11-19
2024-11-19 10:22:00+05:30,23700.95,23700,219.0,,12.469517,23700,162.6,,12.758603,0.016100620439265093,0.37286703432678453,2024-11-19
2024-11-19 10:23:00+05:30,23705.7,23700,222.3,,12.514055,23700,161.3,,12.813274,0.016181762192215374,0.39147904425085006,2024-11-19
2024-11-19 10:24:00+05:30,23708.0,23700,225.9,,12.670343,23700,159.4,,12.754005,0.01625189809347056,0.45679032466335817,2024-11-19
2024-11-19 10:25:00+05:30,23732.8,23750,214.95,,12.83429,23750,166.3,,12.434353,0.016064265489112117,0.525302228902899,2024-11-19
2024-11-19 10:26:00+05:30,23736.9,23750,218.25,,12.907294,23750,165.7,,12.520148,0.016175237710063232,0.555809911611967,2024-11-19
2024-11-19 10:27:00+05:30,23734.1,23750,217.35,,12.949066,23750,165.2,,12.401388,0.016118159104410952,0.5732660362369624,2024-11-19
2024-11-19 10:28:00+05:30,23738.8,23750,218.85,,12.879698,23750,164.45,,12.49512,0.016146561747013326,0.544277803617344,2024-11-19
2024-11-19 10:29:00+05:30,23743.5,23750,221.35,,12.875942,23750,162.95,,12.537560000000001,0.01618548234253585,0.5427082066602563,2024-11-19
2024-11-19 10:30:00+05:30,23741.85,23750,218.85,,12.769693,23750,163.25,,12.508072,0.01609394381650967,0.49830775216247924,2024-11-19
2024-11-19 10:31:00+05:30,23728.85,23750,211.5,,12.749558,23750,166.15,,12.304539,0.015915225558760748,0.48989352566328653,2024-11-19
2024-11-19 10:32:00+05:30,23729.15,23750,209.25,,12.58917,23750,167.85,,12.4277,0.015891846104896298,0.4228688939397926,2024-11-19
2024-11-19 10:33:00+05:30,23725.75,23750,204.2,,12.374149,23750,168.55,,12.369355,0.015710778373707893,0.333013647052137,2024-11-19
2024-11-19 10:34:00+05:30,23719.85,23700,231.35,,12.592348,23700,150.3,,12.490777,0.01608989938806527,0.4241969501510881,2024-11-19
2024-11-19 10:35:00+05:30,23728.45,23750,209.4,,12.626173,23750,168.05,,12.420382,0.01590706514753387,0.4383320984667176,2024-11-19
2024-11-19 10:36:00+05:30,23735.1,23750,209.9,,12.42062,23750,165.55,,12.458384,0.015818344982747073,0.35243343943574734,2024-11-19
2024-11-19 10:37:00+05:30,23728.2,23750,204.95,,12.339128,23750,171.25,,12.627054,0.015854552810579816,0.31837870162237686,2024-11-19
2024-11-19 10:38:00+05:30,23735.5,23750,208.9,,12.340478,23750,169.3,,12.722091,0.015933938615154516,0.3189428538833105,2024-11-19
2024-11-19 10:39:00+05:30,23731.6,23750,208.85,,12.478814,23750,169.15,,12.59252,0.015928129582497598,0.37675216289708485,2024-11-19
2024-11-19 10:40:00+05:30,23738.05,23750,215.3,,12.677229,23750,164.4,,12.472905,0.015995416641215267,0.4596679190846862,2024-11-19
2024-11-19 10:41:00+05:30,23734.35,23750,213.0,,12.658262,23750,166.4,,12.493893,0.015985270293898925,0.45174178876384236,2024-11-19
2024-11-19 10:42:00+05:30,23722.65,23700,234.5,,12.702362,23700,152.25,,12.706541,0.016302984700275896,0.4701707626210267,2024-11-19
2024-11-19 10:43:00+05:30,23717.8,23700,232.65,,12.764925,23700,154.15,,12.694475,0.01630842658256668,0.4963152499549722,2024-11-19
2024-11-19 10:44:00+05:30,23712.8,23700,230.6,,12.818209,23700,155.2,,12.619379,0.01626969400492561,0.5185821307487636,2024-11-19
2024-11-19 10:45:00+05:30,23713.2,23700,231.7,,12.877849,23700,155.75,,12.668584,0.016339001062699254,0.543505123965146,2024-11-19
2024-11-19 10:46:00+05:30,23708.45,23700,227.9,,12.802311,23700,158.3,,12.700821,0.01628955077198214,0.5119385065677768,2024-11-19
2024-11-19 10:47:00+05:30,23712.9,23700,228.4,,12.66793,23700,157.25,,12.761668,0.016263299722935616,0.45578195473325844,2024-11-19
2024-11-19 10:48:00+05:30,23703.65,23700,223.9,,12.714771,23700,160.85,,12.730572,0.016231677399894107,0.4753563666254212,2024-11-19
2024-11-19 10:49:00+05:30,23694.85,23700,218.0,,12.646015,23700,165.0,,12.745442,0.016163849950516673,0.4466238830307598,2024-11-19
2024-11-19 10:50:00+05:30,23696.2,23700,216.6,,12.502666,23700,164.95,,12.783253,0.016101737831382246,0.3867196886213831,2024-11-19
2024-11-19 10:51:00+05:30,23703.95,23700,222.8,,12.631412,23700,160.0,,12.683336,0.016149207199643942,0.4405214271297058,2024-11-19
2024-11-19 10:52:00+05:30,23694.65,23700,219.75,,12.772871,23700,163.1,,12.612785,0.016157655842141582,0.4996358083737748,2024-11-19
2024-11-19 10:53:00+05:30,23691.85,23700,216.3,,12.644893,23700,164.7,,12.635648,0.016081479496113642,0.4461550098183387,2024-11-19
2024-11-19 10:54:00+05:30,23703.75,23700,222.8,,12.640845,23700,161.55,,12.782743,0.016214733955597745,0.44446338881666375,2024-11-19
2024-11-19 10:55:00+05:30,23714.4,23700,232.5,,12.892692,23700,153.55,,12.558679,0.016279138413790778,0.5497078736014771,2024-11-19
2024-11-19 10:56:00+05:30,23704.75,23700,224.75,,12.735915,23700,159.2,,12.65502,0.01619717567154262,0.4841922447033417,2024-11-19
2024-11-19 10:57:00+05:30,23705.5,23700,224.0,,12.657863,23700,159.7,,12.711368,0.016186117145810044,0.4515750504289441,2024-11-19
2024-11-19 10:58:00+05:30,23710.65,23700,227.55,,12.703248,23700,158.75,,12.800365,0.01629225685504193,0.4705410136604248,2024-11-19
2024-11-19 10:59:00+05:30,23713.9,23700,228.15,,12.620671,23700,155.9,,12.704091,0.016195142933047704,0.436032864585488,2024-11-19
2024-11-19 11:00:00+05:30,23728.55,23750,206.0,,12.411166,23750,168.95,,12.491836,0.015801639796784887,0.3484827020469533,2024-11-19
2024-11-19 11:01:00+05:30,23725.65,23750,206.0,,12.515556,23750,170.7,,12.519031,0.015877331074174994,0.3921062979868959,2024-11-19
2024-11-19 11:02:00+05:30,23719.65,23700,230.95,,12.591116,23700,154.85,,12.802323,0.016264995478432437,0.42368210897666525,2024-11-19
2024-11-19 11:03:00+05:30,23723.95,23700,232.8,,12.550386,23700,152.7,,12.781946,0.016249401975640648,0.4066614263189983,2024-11-19
2024-11-19 11:04:00+05:30,23732.65,23750,208.7,,12.446671,23750,168.2,,12.569692,0.015881075227587308,0.3633199065095233,2024-11-19
2024-11-19 11:05:00+05:30,23730.6,23750,208.95,,12.537952,23750,167.9,,12.486709,0.01588034015153431,0.40146537505051283,2024-11-19
2024-11-19 11:06:00+05:30,23735.95,23750,212.55,,12.586108,23750,166.3,,12.544559,0.015961021151460128,0.4215893130338811,2024-11-19
2024-11-19 11:07:00+05:30,23733.95,23750,210.6,,12.528714,23750,166.85,,12.520344,0.015903378915014147,0.39760490202346827,2024-11-19
2024-11-19 11:08:00+05:30,23737.45,23750,212.9,,12.556273,23750,164.95,,12.500708,0.015917885029773628,0.40912154806723494,2024-11-19
2024-11-19 11:09:00+05:30,23737.1,23750,214.5,,12.676812,23750,164.2,,12.440105,0.015953928660198593,0.4594936587196418,2024-11-19
2024-11-19 11:10:00+05:30,23738.05,23750,214.15,,12.619423,23750,164.7,,12.50295,0.015959609150709517,0.43551133716204643,2024-11-19
2024-11-19 11:11:00+05:30,23735.8,23750,211.55,,12.527774,23750,166.4,,12.548329,0.01592320461075675,0.39721208489363263,2024-11-19
2024-11-19 11:12:00+05:30,23730.85,23750,208.55,,12.506624,23750,168.75,,12.553626,0.015899135513477183,0.3883736994723298,2024-11-19
2024-11-19 11:13:00+05:30,23735.6,23750,212.65,,12.609975,23750,166.15,,12.526123,0.015959149968823205,0.4315631071166347,2024-11-19
2024-11-19 11:14:00+05:30,23736.25,23750,212.25,,12.560214,23750,165.65,,12.512885,0.015920796250460792,0.41076845477859963,2024-11-19
2024-11-19 11:15:00+05:30,23732.4,23750,210.45,,12.579793,23750,165.4,,12.378227,0.015836999207834015,0.4189503341244004,2024-11-19
2024-11-19 11:16:00+05:30,23729.9,23750,207.75,,12.489815,23750,166.6,,12.381702,0.015775456280894568,0.38134937698785326,2024-11-19
2024-11-19 11:17:00+05:30,23730.6,23750,208.9,,12.542217,23750,167.15,,12.440482,0.015846628403833028,0.40324767830450137,2024-11-19
2024-11-19 11:18:00+05:30,23733.3,23750,213.35,,12.743337,23750,163.2,,12.259592,0.015865893070074535,0.4872938284667889,2024-11-19
2024-11-19 11:19:00+05:30,23730.9,23750,212.05,,12.743506,23750,163.55,,12.209427,0.015827465456430222,0.4873644519720465,2024-11-19
2024-11-19 11:20:00+05:30,23729.2,23750,211.05,,12.738321,23750,164.45,,12.217449,0.015824385145727628,0.4851976893994951,2024-11-19
2024-11-19 11:21:00+05:30,23728.65,23750,209.9,,12.681747,23750,165.9,,12.297778,0.01583739487918613,0.46155594865127897,2024-11-19
2024-11-19 11:22:00+05:30,23735.3,23750,213.85,,12.70699,23750,161.4,,12.201678,0.01580978542508416,0.47210476014962127,2024-11-19
2024-11-19 11:23:00+05:30,23738.55,23750,217.3,,12.820624,23750,160.15,,12.217504,0.015900297195911295,0.5195913364599907,2024-11-19
2024-11-19 11:24:00+05:30,23743.15,23750,220.1,,12.840707,23750,158.0,,12.213207,0.015924592987872292,0.5279838326498734,2024-11-19
2024-11-19 11:25:00+05:30,23754.65,23750,225.0,,12.74377,23750,154.55,,12.326161,0.01597792432218534,0.48747477508085124,2024-11-19
2024-11-19 11:26:00+05:30,23760.0,23750,231.05,,12.950303,23750,150.15,,12.188089,0.016043771043771044,0.5737829668642035,2024-11-19
2024-11-19 11:27:00+05:30,23754.5,23750,224.1,,12.690145,23750,154.85,,12.342562,0.015952766844176892,0.46506539360485327,2024-11-19
2024-11-19 11:28:00+05:30,23755.9,23750,225.0,,12.698791,23750,154.2,,12.340663,0.015962350405583452,0.4686784754182144,2024-11-19
2024-11-19 11:29:00+05:30,23758.9,23750,226.9,,12.714308,23750,154.35,,12.439814,0.01604661831987171,0.475162883294449,2024-11-19
2024-11-19 11:30:00+05:30,23760.95,23750,230.95,,12.910276,23750,151.75,,12.32523,0.016106258377716377,0.5570560612727858,2024-11-19
2024-11-19 11:31:00+05:30,23762.4,23750,230.0,,12.791917,23750,152.75,,12.435599,0.016107379725953608,0.5075949520491472,2024-11-19
2024-11-19 11:32:00+05:30,23764.1,23750,232.0,,12.862784,23750,151.8,,12.421639,0.016150411755547236,0.5372096026236839,2024-11-19
2024-11-19 11:33:00+05:30,23763.7,23750,232.15,,12.888781999999999,23750,152.0,,12.423767,0.016165411951842516,0.5480739214975856,2024-11-19
2024-11-19 11:34:00+05:30,23763.0,23750,232.5,,12.939651,23750,152.4,,12.430591,0.016197449816942305,0.5693315965801505,2024-11-19
2024-11-19 11:35:00+05:30,23758.15,23750,227.65,,12.797041,23750,153.7,,12.375873,0.016051333963292596,0.5097362232973154,2024-11-19
2024-11-19 11:36:00+05:30,23765.4,23750,232.7,,12.863078,23750,151.8,,12.460997,0.016178982891093773,0.5373324624493986,2024-11-19
2024-11-19 11:37:00+05:30,23769.8,23750,237.5,,13.019381,23750,149.95,,12.464392,0.016300095078629184,0.6026500112203612,2024-11-19
2024-11-19 11:38:00+05:30,23773.6,23750,236.75,,12.82277,23750,149.75,,12.561153,0.01625752936029882,0.5204881296095942,2024-11-19
2024-11-19 11:39:00+05:30,23776.75,23800,208.5,,12.636542,23800,166.55,,12.266194,0.015773812653117017,0.44266520572125634,2024-11-19
2024-11-19 11:40:00+05:30,23777.6,23800,207.15,,12.516616,23800,166.6,,12.29623,0.015718575465984794,0.39254926198437046,2024-11-19
2024-11-19 11:41:00+05:30,23769.0,23750,232.3,,12.701371,23750,149.5,,12.412089,0.0160629391223863,0.46975663307244425,2024-11-19
2024-11-19 11:42:00+05:30,23770.25,23750,233.1,,12.707959,23750,149.75,,12.46561,0.016106267287891378,0.4725096961058035,2024-11-19
2024-11-19 11:43:00+05:30,23772.5,23750,233.1,,12.621627,23750,149.0,,12.480311,0.01607319381638448,0.4364323679643423,2024-11-19
2024-11-19 11:44:00+05:30,23772.0,23750,232.8,,12.621342,23750,148.8,,12.452657,0.016052498738011105,0.4363132691537007,2024-11-19
2024-11-19 11:45:00+05:30,23771.1,23750,231.85,,12.59253,23750,150.35,,12.531873,0.0160783472367707,0.4242730062336736,2024-11-19
2024-11-19 11:46:00+05:30,23766.7,23750,228.6,,12.542949,23750,150.15,,12.390814,0.01593616278238039,0.40355357419709653,2024-11-19
2024-11-19 11:47:00+05:30,23769.55,23750,232.0,,12.663819,23750,150.0,,12.463913,0.016070981570959486,0.4540640066260729,2024-11-19
2024-11-19 11:48:00+05:30,23777.05,23800,206.95,,12.527993,23800,164.6,,12.148083,0.015626412864505897,0.39730360292707284,2024-11-19
2024-11-19 11:49:00+05:30,23775.65,23800,207.45,,12.612016,23800,163.9,,12.058135,0.015618921038962131,0.43241602175705457,2024-11-19
2024-11-19 11:50:00+05:30,23763.4,23750,230.0,,12.766293,23750,150.7,,12.332894,0.016020434786267957,0.49688692424605196,2024-11-19
2024-11-19 11:51:00+05:30,23769.0,23750,235.05,,12.893817,23750,147.0,,12.246274,0.0160734570238546,0.550178000485589,2024-11-19
2024-11-19 11:52:00+05:30,23766.8,23750,233.45,,12.870726,23750,149.05,,12.321361,0.0160938788562196,0.5405284894802317,2024-11-19
2024-11-19 11:53:00+05:30,23765.1,23750,232.15,,12.848573,23750,149.05,,12.272113,0.01604032804406462,0.5312709598235833,2024-11-19
2024-11-19 11:54:00+05:30,23761.65,23750,230.95,,12.899534,23750,150.15,,12.245753,0.016038448508415872,0.552567080838004,2024-11-19
2024-11-19 11:55:00+05:30,23756.1,23750,225.1,,12.715521,23750,151.9,,12.2005,0.01586960822693961,0.47566978454816244,2024-11-19
2024-11-19 11:56:00+05:30,23757.55,23750,226.35,,12.745774,23750,151.35,,12.206635,0.015898103971158643,0.4883122277704163,2024-11-19
2024-11-19 11:57:00+05:30,23753.95,23750,223.8,,12.710019,23750,153.0,,12.211497,0.01586262495290257,0.4733705506669328,2024-11-19
2024-11-19 11:58:00+05:30,23756.6,23750,226.0,,12.759292,23750,151.95,,12.219661,0.015909263110041,0.49396127240990395,2024-11-19
2024-11-19 11:59:00+05:30,23752.25,23750,221.5,,12.620123,23750,154.35,,12.25248,0.01582376406445705,0.43580386055660497,2024-11-19
2024-11-19 12:00:00+05:30,23753.55,23750,223.35,,12.696657,23750,153.55,,12.237645,0.01586710197002132,0.4677866969553748,2024-11-19
2024-11-19 12:01:00+05:30,23755.4,23750,224.65,,12.715431,23750,152.5,,12.222169,0.015876390210225882,0.4756321743974334,2024-11-19
2024-11-19 12:02:00+05:30,23757.0,23750,226.25,,12.76368,23750,152.25,,12.253051,0.015932146314770385,0.4957949762032222,2024-11-19
2024-11-19 12:03:00+05:30,23755.15,23750,224.1,,12.68907,23750,153.45,,12.279459,0.015893395747869406,0.46461616124892413,2024-11-19
2024-11-19 12:04:00+05:30,23759.95,23750,227.85,,12.761415,23750,150.95,,12.253082,0.01594279449241265,0.49484845407654315,2024-11-19
2024-11-19 12:05:00+05:30,23762.15,23750,230.1,,12.830424,23750,149.7,,12.233662,0.015983402175308206,0.5236866639838096,2024-11-19
2024-11-19 12:06:00+05:30,23750.45,23750,222.85,,12.782735,23750,154.3,,12.197634,0.01587969912149033,0.5037578808936676,2024-11-19
2024-11-19 12:07:00+05:30,23740.6,23750,215.95,,12.683542,23750,159.6,,12.257285,0.01581889253009612,0.46230606221303944,2024-11-19
2024-11-19 12:08:00+05:30,23744.3,23750,216.35,,12.574943,23750,158.55,,12.299287,0.015789052530502057,0.41692356489067334,2024-11-19
2024-11-19 12:09:00+05:30,23740.75,23750,214.55,,12.585291,23750,159.7,,12.269221,0.015764034413403114,0.4212478964433751,2024-11-19
2024-11-19 12:10:00+05:30,23741.5,23750,215.85,,12.645734,23750,159.25,,12.262111,0.01579933871069646,0.4465064557823723,2024-11-19
2024-11-19 12:11:00+05:30,23743.75,23750,217.15,,12.650942,23750,158.75,,12.297076,0.015831534614372204,0.448682829837888,2024-11-19
2024-11-19 12:12:00+05:30,23741.8,23750,215.8,,12.63264,23750,160.05,,12.325652,0.01583072892535528,0.44103459674187456,2024-11-19
2024-11-19 12:13:00+05:30,23741.8,23750,216.8,,12.700478,23750,160.2,,12.336063,0.015879166701766506,0.46938345679910054,2024-11-19
2024-11-19 12:14:00+05:30,23749.35,23750,222.0,,12.77169,23750,155.8,,12.268321,0.01590780379252485,0.499142279618098,2024-11-19
2024-11-19 12:15:00+05:30,23754.8,23750,226.7,,12.885235,23750,153.65,,12.28651,0.016011500833515754,0.5465916636683018,2024-11-19
2024-11-19 12:16:00+05:30,23755.4,23750,228.0,,12.950978,23750,152.3,,12.213602,0.01600899163979558,0.5740650429946703,2024-11-19
2024-11-19 12:17:00+05:30,23756.05,23750,227.0,,12.859811,23750,151.2,,12.158987,0.01592015507628583,0.5359672139779381,2024-11-19
2024-11-19 12:18:00+05:30,23764.6,23750,231.7,,12.853707,23750,149.25,,12.279329,0.016030145678866885,0.5334164099773879,2024-11-19
2024-11-19 12:19:00+05:30,23757.65,23750,227.3,,12.821078,23750,152.2,,12.274528,0.01597380212268469,0.5197810587758899,2024-11-19
2024-11-19 12:20:00+05:30,23763.35,23750,228.85,,12.710131,23750,151.6,,12.402307,0.016009948092335465,0.47341735441006205,2024-11-19
2024-11-19 12:21:00+05:30,23761.2,23750,227.75,,12.718335,23750,153.0,,12.434047,0.016024022355773278,0.4768457285942871,2024-11-19
2024-11-19 12:22:00+05:30,23760.95,23750,226.25,,12.627183,23750,152.8,,12.413505,0.015952644991046233,0.43875416793600946,2024-11-19
2024-11-19 12:23:00+05:30,23755.05,23750,222.1,,12.570958,23750,154.7,,12.367426,0.015861890419089836,0.4152582709945082,2024-11-19
2024-11-19 12:24:00+05:30,23749.55,23750,219.55,,12.605782,23750,157.45,,12.388766,0.015873984980768058,0.4298108919832291,2024-11-19
2024-11-19 12:25:00+05:30,23751.8,23750,221.3,,12.640289,23750,158.15,,12.503724,0.0159756313205736,0.444231041663271,2024-11-19
2024-11-19 12:26:00+05:30,23747.05,23750,217.5,,12.562048,23750,161.2,,12.566683,0.015947243973461967,0.4115348660723431,2024-11-19
2024-11-19 12:27:00+05:30,23748.7,23750,217.65,,12.511431,23750,161.0,,12.603308,0.015944030620623443,0.3903824994118191,2024-11-19
2024-11-19 12:28:00+05:30,23748.95,23750,216.8,,12.445506,23750,160.1,,12.550566,0.015870175313013837,0.3628330640028651,2024-11-19
2024-11-19 12:29:00+05:30,23746.3,23750,215.9,,12.484107,23750,160.45,,12.494564,0.01584878486332608,0.3789640576505106,2024-11-19
2024-11-19 12:30:00+05:30,23745.3,23750,214.2,,12.407399,23750,160.95,,12.498314,0.01579891599600763,0.3469085082936651,2024-11-19
2024-11-19 12:31:00+05:30,23749.9,23750,218.8,,12.546719,23750,157.15,,12.381395,0.015829540334906675,0.4051290216220755,2024-11-19
2024-11-19 12:32:00+05:30,23751.8,23750,220.0,,12.557199,23750,156.6,,12.401601,0.01585564041462121,0.4095085147291801,2024-11-19
2024-11-19 12:33:00+05:30,23749.2,23750,218.95,,12.584218,23750,158.0,,12.418311,0.015872113586983982,0.4207994998685734,2024-11-19
2024-11-19 12:34:00+05:30,23753.65,23750,218.3,,12.374404,23750,157.9,,12.545246,0.015837566016170146,0.33312020914586943,2024-11-19
2024-11-19 12:35:00+05:30,23748.85,23750,216.8,,12.453711,23750,158.55,,12.445512,0.015804975819881807,0.3662618560776542,2024-11-19
2024-11-19 12:36:00+05:30,23748.6,23750,218.45,,12.574822,23750,158.0,,12.40127,0.01585146071768441,0.416873000132471,2024-11-19
2024-11-19 12:37:00+05:30,23752.9,23750,218.95,,12.448363,23750,158.45,,12.560942,0.015888586235785943,0.3640269773432276,2024-11-19
2024-11-19 12:38:00+05:30,23751.2,23750,217.6,,12.421728,23750,159.2,,12.560927,0.015864461585098855,0.35289646218027715,2024-11-19
2024-11-19 12:39:00+05:30,23751.8,23750,218.2,,12.440341,23750,159.0,,12.565775,0.015880901657979604,0.36067465924158726,2024-11-19
2024-11-19 12:40:00+05:30,23748.6,23750,217.4,,12.506658,23750,159.0,,12.469989,0.01584935533041948,0.38838790775149384,2024-11-19
2024-11-19 12:41:00+05:30,23746.55,23750,215.65,,12.465672,23750,160.4,,12.502798,0.015835984595657056,0.3712602451095311,2024-11-19
2024-11-19 12:42:00+05:30,23742.0,23750,213.3,,12.476418,23750,161.6,,12.445922,0.015790582090809534,0.37575089710656784,2024-11-19
2024-11-19 12:43:00+05:30,23736.85,23750,209.15,,12.38689,23750,165.0,,12.517441,0.01576241160895401,0.33833799072366505,2024-11-19
2024-11-19 12:44:00+05:30,23732.75,23750,206.3,,12.345264,23750,166.6,,12.498932,0.015712464842885885,0.3209428781209636,2024-11-19
2024-11-19 12:45:00+05:30,23725.75,23750,202.05,,12.312962,23750,170.0,,12.50978,0.015681274564555387,0.3074441771337809,2024-11-19
2024-11-19 12:46:00+05:30,23728.1,23750,202.85,,12.282879,23750,169.65,,12.560018,0.015698686367640057,0.2948727753073479,2024-11-19
2024-11-19 12:47:00+05:30,23734.5,23750,208.85,,12.454923,23750,164.75,,12.429671,0.01574079925846342,0.36676833944080434,2024-11-19
2024-11-19 12:48:00+05:30,23737.3,23750,211.55,,12.534976,23750,162.0,,12.331233,0.01573683611868241,0.40022173273307554,2024-11-19
2024-11-19 12:49:00+05:30,23745.85,23750,216.9,,12.580967,23750,158.9,,12.383288,0.015825923266591848,0.4194409376461309,2024-11-19
2024-11-19 12:50:00+05:30,23743.8,23750,216.45,,12.627159,23750,159.85,,12.385504,0.01584834777920973,0.43874413856248184,2024-11-19
2024-11-19 12:51:00+05:30,23743.85,23750,215.65,,12.572099,23750,161.0,,12.46479,0.015863055064785195,0.4157350841276387,2024-11-19
2024-11-19 12:52:00+05:30,23747.55,23750,218.0,,12.593889,23750,158.65,,12.41879,0.015860583512825533,0.424840919509681,2024-11-19
2024-11-19 12:53:00+05:30,23741.2,23750,215.0,,12.627304,23750,161.6,,12.425228,0.015862719660337303,0.4388047326942118,2024-11-19
2024-11-19 12:54:00+05:30,23746.8,23750,217.0,,12.55567,23750,160.7,,12.534962,0.01590530092475618,0.40886956005735103,2024-11-19
2024-11-19 12:55:00+05:30,23744.8,23750,214.0,,12.4284,23750,164.0,,12.697003,0.015919274957043227,0.35568462802098316,2024-11-19
2024-11-19 12:56:00+05:30,23746.0,23750,216.0,,12.51928,23750,161.55,,12.568707999999999,0.01589951991914428,0.393662522445947,2024-11-19
2024-11-19 12:57:00+05:30,23751.45,23750,218.7,,12.498735,23750,159.05,,12.564792,0.01590429215900503,0.38507696081565557,2024-11-19
2024-11-19 12:58:00+05:30,23748.45,23750,217.7,,12.544037,23750,159.65,,12.51536,0.015889458048841083,0.40400823913035283,2024-11-19
2024-11-19 12:59:00+05:30,23751.7,23750,218.25,,12.460285,23750,159.1,,12.576351,0.015887283857576512,0.3690090686431222,2024-11-19
2024-11-19 13:00:00+05:30,23755.25,23750,222.35,,12.604227,23750,156.0,,12.473583,0.01592700560928637,0.4291610721567457,2024-11-19
2024-11-19 13:01:00+05:30,23755.75,23750,222.2,,12.575886,23750,156.15,,12.498954,0.015926670385064668,0.4173176356922005,2024-11-19
2024-11-19 13:02:00+05:30,23755.5,23750,224.25,,12.724415,23750,154.55,,12.383752,0.015945780977036896,0.4793865032213096,2024-11-19
2024-11-19 13:03:00+05:30,23754.3,23750,222.1,,12.625070000000001,23750,157.15,,12.523924,0.015965530451328813,0.4378711651750067,2024-11-19
2024-11-19 13:04:00+05:30,23750.25,23750,218.45,,12.531293,23750,158.65,,12.504145,0.01587772760286734,0.39868264178713403,2024-11-19
2024-11-19 13:05:00+05:30,23752.4,23750,221.3,,12.643737,23750,157.3,,12.4779,0.01593944190902814,0.44567192832675356,2024-11-19
2024-11-19 13:06:00+05:30,23751.2,23750,219.9,,12.594871,23750,158.05,,12.492877,0.01591288019131665,0.4252512880431896,2024-11-19
2024-11-19 13:07:00+05:30,23753.85,23750,223.9,,12.76612,23750,155.65,,12.410532,0.01597846243872046,0.4968146291785403,2024-11-19
2024-11-19 13:08:00+05:30,23753.5,23750,224.55,,12.823793,23750,155.3,,12.376772,0.015991327593828278,0.5209156316562132,2024-11-19
2024-11-19 13:09:00+05:30,23753.1,23750,223.85,,12.792204,23750,155.05,,12.348266,0.015951602106672392,0.5077148866409162,2024-11-19
2024-11-19 13:10:00+05:30,23757.3,23750,226.7,,12.827253,23750,152.25,,12.28446,0.015950886674832576,0.5223615330064596,2024-11-19
2024-11-19 13:11:00+05:30,23754.15,23750,222.3,,12.649415,23750,156.3,,12.464751,0.015938267629024824,0.44804471094718634,2024-11-19
2024-11-19 13:12:00+05:30,23758.1,23750,225.3,,12.703685,23750,154.8,,12.481332,0.01599875410912489,0.47072363183674193,2024-11-19
2024-11-19 13:13:00+05:30,23757.25,23750,220.25,,12.395089,23750,155.05,,12.473327,0.015797282934683098,0.34176427545507265,2024-11-19
2024-11-19 13:14:00+05:30,23760.0,23750,223.65,,12.521258,23750,153.0,,12.416537,0.015852272727272725,0.3944891099808563,2024-11-19
2024-11-19 13:15:00+05:30,23760.4,23750,224.15,,12.540513,23750,152.6,,12.401629,0.015856214541842727,0.4025355927840332,2024-11-19
2024-11-19 13:16:00+05:30,23763.8,23750,224.95,,12.465409,23750,153.0,,12.529333,0.015904442892130048,0.3711503398912897,2024-11-19
2024-11-19 13:17:00+05:30,23757.5,23750,222.95,,12.570775,23750,153.9,,12.40434,0.015862359254972116,0.41518179702135943,2024-11-19
2024-11-19 13:18:00+05:30,23759.7,23750,222.0,,12.423599,23750,154.5,,12.510529,0.015846159673733255,0.3536783354248754,2024-11-19
2024-11-19 13:19:00+05:30,23762.15,23750,223.45,,12.428917,23750,153.2,,12.495291,0.015850838413190724,0.3559006774423929,2024-11-19
2024-11-19 13:20:00+05:30,23761.25,23750,223.4,,12.460567,23750,154.0,,12.523231,0.01588300278815298,0.36912691378207235,2024-11-19
2024-11-19 13:21:00+05:30,23759.95,23750,223.0,,12.483699,23750,153.9,,12.478349,0.01586282799416665,0.3787935583005393,2024-11-19
2024-11-19 13:22:00+05:30,23756.3,23750,220.8,,12.474053,23750,155.7,,12.492071,0.01584842757500116,0.3747625859235234,2024-11-19
2024-11-19 13:23:00+05:30,23752.8,23750,217.6,,12.390463,23750,157.5,,12.509502,0.015791822437775757,0.3398311137076047,2024-11-19
2024-11-19 13:24:00+05:30,23746.65,23750,214.45,,12.408571,23750,159.95,,12.490026,0.015766434423381822,0.34739827603426887,2024-11-19
2024-11-19 13:25:00+05:30,23742.45,23750,210.15,,12.275023,23750,163.0,,12.568414,0.015716575163894204,0.29158982703927433,2024-11-19
2024-11-19 13:26:00+05:30,23745.1,23750,211.1,,12.241493,23750,162.4,,12.60895,0.015729561046279022,0.2775779564399236,2024-11-19
2024-11-19 13:27:00+05:30,23744.0,23750,212.6,,12.384109,23750,161.5,,12.515181,0.015755559299191375,0.33717583706614107,2024-11-19
2024-11-19 13:28:00+05:30,23748.5,23750,214.95,,12.375898,23750,159.0,,12.483186,0.015746257658378424,0.33374453764796963,2024-11-19
2024-11-19 13:29:00+05:30,23744.8,23750,214.0,,12.450145,23750,160.65,,12.482849,0.01577819143559853,0.3647716583276602,2024-11-19
2024-11-19 13:30:00+05:30,23752.45,23750,219.1,,12.509473999999999,23750,157.7,,12.514907,0.015863626699561515,0.3895646875787459,2024-11-19
2024-11-19 13:31:00+05:30,23755.85,23750,221.25,,12.527315,23750,155.25,,12.451288,0.01584872778705035,0.39702027312491456,2024-11-19
2024-11-19 13:32:00+05:30,23760.65,23750,223.5,,12.497991,23750,153.55,,12.479121,0.015868673626352813,0.38476605023629656,2024-11-19
2024-11-19 13:33:00+05:30,23761.0,23750,225.0,,12.586884,23750,153.35,,12.476267,0.015923151382517573,0.4219135961112774,2024-11-19
2024-11-19 13:34:00+05:30,23761.05,23750,224.25,,12.534828,23750,150.1,,12.257878,0.01575477514672121,0.4001598849296541,2024-11-19
2024-11-19 13:35:00+05:30,23762.25,23750,225.15,,12.550621,23750,150.0,,12.28682,0.01578764637187135,0.4067596306014572,2024-11-19
2024-11-19 13:36:00+05:30,23760.45,23750,222.05,,12.409987,23750,153.35,,12.46102,0.015799364069283197,0.34799000907240385,2024-11-19
2024-11-19 13:37:00+05:30,23753.55,23750,218.0,,12.398229,23750,155.45,,12.398151,0.015721860521900936,0.34307645182494934,2024-11-19
2024-11-19 13:38:00+05:30,23758.4,23750,221.25,,12.435174,23750,154.25,,12.461872,0.015804936359350798,0.35851541869918196,2024-11-19
2024-11-19 13:39:00+05:30,23761.3,23750,222.15,,12.386228,23750,152.9,,12.456695,0.01578406905346088,0.3380613471705254,2024-11-19
2024-11-19 13:40:00+05:30,23760.3,23750,221.55,,12.384412,23750,155.4,,12.596804,0.015864698678046997,0.33730245790692803,2024-11-19
2024-11-19 13:41:00+05:30,23754.85,23750,218.1,,12.358485,23750,157.7,,12.590551,0.015819927299056822,0.32646780926304586,2024-11-19
2024-11-19 13:42:00+05:30,23756.65,23750,219.0,,12.351874,23750,157.05,,12.600677,0.015829252019960726,0.3237051347467231,2024-11-19
2024-11-19 13:43:00+05:30,23756.8,23750,217.85,,12.268969,23750,156.55,,12.57166,0.01575969827586207,0.28905991756690763,2024-11-19
2024-11-19 13:44:00+05:30,23754.7,23750,216.35,,12.247667,23750,157.45,,12.570189,0.01573583332982525,0.28015801277992924,2024-11-19
2024-11-19 13:45:00+05:30,23755.9,23750,217.5,,12.280694,23750,155.75,,12.491369,0.015711886310348165,0.2939596844257622,2024-11-19
2024-11-19 13:46:00+05:30,23759.5,23750,217.95,,12.174833,23750,155.4,,12.575148,0.015713714514194323,0.24972137146668297,2024-11-19
2024-11-19 13:47:00+05:30,23760.15,23750,220.0,,12.289592,23750,154.3,,12.520255,0.015753267550920342,0.2976780746611643,2024-11-19
2024-11-19 13:48:00+05:30,23760.75,23750,218.75,,12.182542,23750,155.75,,12.636627,0.01576128699641215,0.2529428898218992,2024-11-19
2024-11-19 13:49:00+05:30,23759.35,23750,218.75,,12.236693,23750,156.0,,12.612371,0.015772737890556773,0.27557208173437997,2024-11-19
2024-11-19 13:50:00+05:30,23762.65,23750,220.75,,12.246631,23750,155.35,,12.666452,0.01582735932229781,0.2797250781559831,2024-11-19
2024-11-19 13:51:00+05:30,23759.35,23750,219.55,,12.292192,23750,157.85,,12.738364,0.015884272928341894,0.2987645901266669,2024-11-19
2024-11-19 13:52:00+05:30,23758.15,23750,219.35,,12.325001,23750,156.7,,12.625137,0.015828252620679637,0.31247516162962297,2024-11-19
2024-11-19 13:53:00+05:30,23764.55,23750,220.75,,12.175438,23750,154.75,,12.682895,0.01580084621842198,0.24997419525769432,2024-11-19
2024-11-19 13:54:00+05:30,23764.9,23750,222.3,,12.267836,23750,154.2,,12.656243,0.015842692374047437,0.2885864475582868,2024-11-19
2024-11-19 13:55:00+05:30,23766.5,23750,223.45,,12.284820999999999,23750,154.35,,12.713853,0.015896324658658194,0.2956843187819657,2024-11-19
2024-11-19 13:56:00+05:30,23765.6,23750,221.0,,12.153795,23750,155.3,,12.752202,0.015833810213081095,0.24092978978851012,2024-11-19
2024-11-19 13:57:00+05:30,23766.05,23750,222.0,,12.204982,23750,154.0,,12.677566,0.015820887358227387,0.2623203540703166,2024-11-19
2024-11-19 13:58:00+05:30,23764.4,23750,220.1,,12.140265,23750,155.05,,12.700578,0.015786218040430223,0.2352757304622579,2024-11-19
2024-11-19 13:59:00+05:30,23766.55,23750,222.2,,12.200511,23750,153.85,,12.682784999999999,0.015822658315994536,0.26045196536021575,2024-11-19
2024-11-19 14:00:00+05:30,23762.7,23750,219.45,,12.162867,23750,156.0,,12.715506,0.015799972225378427,0.2447208929819879,2024-11-19
2024-11-19 14:01:00+05:30,23754.85,23750,215.65,,12.205422,23750,159.85,,12.742946,0.01580729829908419,0.26250422591832523,2024-11-19
2024-11-19 14:02:00+05:30,23753.75,23750,214.9,,12.196902,23750,160.7,,12.767814,0.015812240172604325,0.2589437983159846,2024-11-19
2024-11-19 14:03:00+05:30,23754.05,23750,214.5,,12.159106,23750,160.1,,12.736577,0.0157699423887716,0.24314920657208122,2024-11-19
2024-11-19 14:04:00+05:30,23741.5,23750,206.15,,12.064903,23750,165.9,,12.748353,0.01567087168039088,0.20378266180409188,2024-11-19
2024-11-19 14:05:00+05:30,23739.75,23750,203.95,,11.981716,23750,168.05,,12.840044,0.015669920702619026,0.16901959948532633,2024-11-19
2024-11-19 14:06:00+05:30,23729.75,23750,198.9,,12.007639,23750,172.85,,12.854025,0.015665988895795364,0.17985257656695364,2024-11-19
2024-11-19 14:07:00+05:30,23729.2,23750,199.3,,12.055126,23750,173.45,,12.877582,0.015708494175951992,0.19969694576323738,2024-11-19
2024-11-19 14:08:00+05:30,23721.8,23700,226.1,,12.298166,23700,158.5,,13.179976,0.016212934937483665,0.3012610683539418,2024-11-19
2024-11-19 14:09:00+05:30,23716.55,23700,222.0,,12.223803,23700,161.8,,13.250177,0.016182792185204003,0.2701854723688672,2024-11-19
2024-11-19 14:10:00+05:30,23721.8,23700,223.1,,12.094664,23700,155.85,,13.00019,0.015974757396150376,0.21621950286902775,2024-11-19
2024-11-19 14:11:00+05:30,23704.65,23700,214.15,,12.147981,23700,166.3,,13.200951,0.016049593645128698,0.23850017405141974,2024-11-19
2024-11-19 14:12:00+05:30,23712.05,23700,219.65,,12.239559,23700,160.1,,13.002187,0.016015064070799445,0.27676975608981474,2024-11-19
2024-11-19 14:13:00+05:30,23705.45,23700,213.2,,12.054315,23700,165.9,,13.198669,0.015992103081780774,0.1993580365161137,2024-11-19
2024-11-19 14:14:00+05:30,23707.35,23700,215.8,,12.159157,23700,166.0,,13.262956,0.016104710142635092,0.243170518990828,2024-11-19
2024-11-19 14:15:00+05:30,23713.45,23700,220.55,,12.248805,23700,160.2,,13.051694,0.016056288730657075,0.28063357224136903,2024-11-19
2024-11-19 14:16:00+05:30,23711.0,23700,218.4,,12.19744,23700,162.0,,13.101432,0.016043186706591876,0.2591686234392312,2024-11-19
2024-11-19 14:17:00+05:30,23714.6,23700,218.7,,12.079657,23700,159.6,,13.045762,0.01595219822387896,0.2099482191802573,2024-11-19
2024-11-19 14:18:00+05:30,23721.85,23700,225.2,,12.241218,23700,154.55,,12.915957,0.01600844790773064,0.2774630365349184,2024-11-19
2024-11-19 14:19:00+05:30,23726.25,23750,198.4,,12.108508,23750,171.4,,12.651261,0.015586112428217691,0.2220047798322674,2024-11-19
2024-11-19 14:20:00+05:30,23715.45,23700,220.1,,12.144028,23700,157.4,,12.922384,0.015917893187774215,0.23684825265329199,2024-11-19
2024-11-19 14:21:00+05:30,23710.05,23700,217.95,,12.206485,23700,161.5,,13.040937,0.016003762117751754,0.2629484435874906,2024-11-19
2024-11-19 14:22:00+05:30,23716.6,23700,220.35,,12.117714,23700,158.7,,13.045582,0.015982476408928765,0.22585188036127463,2024-11-19
2024-11-19 14:23:00+05:30,23712.5,23700,217.15,,12.059065,23700,161.0,,13.080744,0.015947285187137585,0.20134301669347462,2024-11-19
2024-11-19 14:24:00+05:30,23714.35,23700,215.85,,11.899552,23700,161.45,,13.16671,0.015910197833801053,0.13468403921317906,2024-11-19
2024-11-19 14:25:00+05:30,23710.75,23700,215.65,,12.025637,23700,162.25,,13.11425,0.01593791845470936,0.18737377093161597,2024-11-19
2024-11-19 14:26:00+05:30,23708.0,23700,213.2,,11.965133,23700,163.6,,13.124014,0.015893369326809514,0.16208972026823565,2024-11-19
2024-11-19 14:27:00+05:30,23698.25,23700,204.65,,11.755352,23700,171.05,,13.334674,0.015853491291551065,0.07442421993413238,2024-11-19
2024-11-19 14:28:00+05:30,23695.15,23700,204.0,,11.82832,23700,170.65,,13.213236,0.01581125251370006,0.10491685858290808,2024-11-19
2024-11-19 14:29:00+05:30,23699.3,23700,205.55,,11.778065,23700,169.8,,13.282736,0.015838020532252008,0.08391576830642755,2024-11-19
2024-11-19 14:30:00+05:30,23693.45,23700,202.4,,11.784667,23700,172.05,,13.25659,0.015803945816248798,0.08667468180767804,2024-11-19
2024-11-19 14:31:00+05:30,23708.35,23700,212.2,,11.886822,23700,160.6,,12.932584,0.01572441776842336,0.1293642923378515,2024-11-19
2024-11-19 14:32:00+05:30,23705.05,23700,210.0,,11.864039,23700,165.8,,13.186832,0.015853162089934425,0.11984349162610011,2024-11-19
2024-11-19 14:33:00+05:30,23701.35,23700,205.9,,11.726745,23700,167.9,,13.217738,0.01577125353619098,0.062469624579654236,2024-11-19
2024-11-19 14:34:00+05:30,23697.6,23700,205.0,,11.807911,23700,170.4,,13.273419,0.015841266626156234,0.0963881300692742,2024-11-19
2024-11-19 14:35:00+05:30,23696.95,23700,206.0,,11.900808,23700,169.05,,13.162499,0.015826931313945466,0.13520890976112956,2024-11-19
2024-11-19 14:36:00+05:30,23694.15,23700,204.4,,11.897806,23700,169.95,,13.13813,0.01579925846675234,0.13395440228903718,2024-11-19
2024-11-19 14:37:00+05:30,23697.95,23700,206.05,,11.867854,23700,168.35,,13.146317,0.01579883492032011,0.12143774412644359,2024-11-19
2024-11-19 14:38:00+05:30,23697.35,23700,207.2,,11.969066,23700,167.3,,13.05724,0.015803454816677814,0.16373328385509064,2024-11-19
2024-11-19 14:39:00+05:30,23702.55,23700,208.6,,11.868383,23700,165.6,,13.10032,0.0157873308989961,0.12165880823461717,2024-11-19
2024-11-19 14:40:00+05:30,23701.7,23700,208.15,,11.870676,23700,165.4,,13.061383,0.015760472877472925,0.12261703129707797,2024-11-19
2024-11-19 14:41:00+05:30,23697.75,23700,205.2,,11.820185,23700,168.95,,13.182339,0.015788418731736135,0.10151731884757517,2024-11-19
2024-11-19 14:42:00+05:30,23689.25,23700,201.6,,11.894063,23700,172.7,,13.17554,0.015800415800415798,0.13239023790927662,2024-11-19
2024-11-19 14:43:00+05:30,23693.75,23700,203.55,,11.859478,23700,170.75,,13.182578,0.0157974149300976,0.11793749276526949,2024-11-19
2024-11-19 14:44:00+05:30,23698.6,23700,205.55,,11.813785,23700,169.2,,13.226304,0.015813170398251374,0.09884281924018291,2024-11-19
2024-11-19 14:45:00+05:30,23716.2,23700,216.1,,11.857882,23700,159.8,,13.117061,0.015849925367470336,0.11727053942567647,2024-11-19
2024-11-19 14:46:00+05:30,23707.65,23700,210.0,,11.773305,23700,165.0,,13.215951,0.01581767910358049,0.08192660922343022,2024-11-19
2024-11-19 14:47:00+05:30,23697.7,23700,203.2,,11.690015,23700,171.0,,13.321949,0.015790561953269725,0.047120504176607736,2024-11-19
2024-11-19 14:48:00+05:30,23693.85,23700,201.1,,11.692683,23700,172.65,,13.316153,0.015774135482414214,0.04823543620043916,2024-11-19
2024-11-19 14:49:00+05:30,23695.9,23700,201.35,,11.633396,23700,172.45,,13.365879,0.01577488088656687,0.02345995835302639,2024-11-19
2024-11-19 14:50:00+05:30,23676.4,23700,191.5,,11.686211,23700,183.85,,13.530324,0.015853339190079575,0.04553084847246398,2024-11-19
2024-11-19 14:51:00+05:30,23656.9,23650,206.4,,11.5892,23650,170.65,,13.603897,0.01593826748221449,0.004990867001731519,2024-11-19
2024-11-19 14:52:00+05:30,23657.6,23650,206.75,,11.586748,23650,173.0,,13.78534,0.01605192411740836,0.0039661993396495725,2024-11-19
2024-11-19 14:53:00+05:30,23654.4,23650,204.8,,11.577257,23650,173.55,,13.72616,0.015994910037878788,0.0,2024-11-19
2024-11-19 14:54:00+05:30,23636.75,23650,196.4,,11.670874,23650,185.0,,13.959996,0.016135890086412048,0.03912166089768744,2024-11-19
2024-11-19 14:55:00+05:30,23623.05,23600,220.0,,11.922024,23600,168.55,,13.971159,0.016447918452528357,0.14407487595963378,2024-11-19
2024-11-19 14:56:00+05:30,23622.65,23600,219.25,,11.886947,23600,167.55,,13.891253,0.016374115520485635,0.12941652865830788,2024-11-19
2024-11-19 14:57:00+05:30,23609.5,23600,210.9,,11.829687999999999,23600,176.2,,14.088521,0.016395942311357718,0.10548853287398782,2024-11-19
2024-11-19 14:58:00+05:30,23592.75,23600,202.75,,11.911289,23600,190.85,,14.571964,0.016683091203865595,0.1395888207587975,2024-11-19
2024-11-19 14:59:00+05:30,23581.2,23600,199.65,,12.128595,23600,197.35,,14.65131,0.01683544518514749,0.2303989475844049,2024-11-19
2024-11-19 15:00:00+05:30,23566.85,23550,217.75,,12.045239,23550,184.15,,14.881894,0.017053615565932656,0.19556526176038105,2024-11-19
2024-11-19 15:01:00+05:30,23560.5,23550,214.5,,12.070235,23550,191.05,,15.161259,0.01721313214914794,0.2060108542895006,2024-11-19
2024-11-19 15:02:00+05:30,23542.2,23550,204.1,,12.056435,23550,201.6,,15.315529,0.017232883927585357,0.2002439645110621,2024-11-19
2024-11-19 15:03:00+05:30,23533.05,23550,204.95,,12.454347,23550,205.4,,15.286284,0.017437178776231726,0.36652763447613884,2024-11-19
2024-11-19 15:04:00+05:30,23550.75,23550,210.0,,12.13814,23550,196.9,,15.262283,0.017277581393373882,0.23438771301449127,2024-11-19
2024-11-19 15:05:00+05:30,23548.85,23550,213.6,,12.456882,23550,203.2,,15.633222,0.01769937810126609,0.36758698705500414,2024-11-19
2024-11-19 15:06:00+05:30,23554.25,23550,216.2,,12.430215,23550,198.0,,15.44624,0.017584936900983898,0.35644309939401714,2024-11-19
2024-11-19 15:07:00+05:30,23558.1,23550,215.75,,12.25245,23550,196.05,,15.43195,0.01748018728165684,0.2821567833458909,2024-11-19
2024-11-19 15:08:00+05:30,23553.85,23550,211.8,,12.145636,23550,197.6,,15.407536,0.01738144719440771,0.23752022067964884,2024-11-19
2024-11-19 15:09:00+05:30,23541.0,23550,205.1,,12.173962,23550,207.1,,15.655499,0.017509876385879954,0.2493573887857395,2024-11-19
2024-11-19 15:10:00+05:30,23525.55,23550,200.7,,12.443321,23550,214.55,,15.672333,0.01765102197398148,0.36191997312127866,2024-11-19
2024-11-19 15:11:00+05:30,23508.2,23500,215.65,,12.275087,23500,200.0,,15.736047,0.017681064479628382,0.2916165720353483,2024-11-19
2024-11-19 15:12:00+05:30,23496.3,23500,210.15,,12.352729,23500,204.85,,15.698954,0.017662355349565676,0.3240624311786479,2024-11-19
2024-11-19 15:13:00+05:30,23495.05,23500,213.9,,12.65708,23500,211.75,,16.131298,0.01811658200344328,0.45124784211760216,2024-11-19
2024-11-19 15:14:00+05:30,23492.55,23500,212.35,,12.645437,23500,211.45,,16.032787,0.018039761541424833,0.44638234228496687,2024-11-19
2024-11-19 15:15:00+05:30,23480.0,23500,211.1,,13.024635,23500,216.25,,15.962525,0.018200596252129473,0.6048456082418048,2024-11-19
2024-11-19 15:16:00+05:30,23512.65,23500,225.0,,12.748693,23500,195.45,,15.563408,0.01788186359257676,0.48953205032572455,2024-11-19
2024-11-19 15:17:00+05:30,23498.55,23500,217.3,,12.760552,23500,209.05,,16.05837,0.018143672694698184,0.4944878145201093,2024-11-19
2024-11-19 15:18:00+05:30,23494.75,23500,218.85,,13.010261,23500,212.15,,16.151585,0.018344523776588385,0.5988388492798282,2024-11-19
2024-11-19 15:19:00+05:30,23503.3,23500,222.65,,12.948312,23500,206.95,,16.063644,0.018278284326030816,0.5729509467519663,2024-11-19
2024-11-19 15:20:00+05:30,23499.7,23500,223.3,,13.129954,23500,210.8,,16.215215,0.0184725762456542,0.6488574245153825,2024-11-19
2024-11-19 15:21:00+05:30,23504.45,23500,225.45,,13.097817,23500,205.0,,15.966936,0.018313553390953627,0.6354276754712025,2024-11-19
2024-11-19 15:22:00+05:30,23503.15,23500,224.95,,13.113661,23500,207.45,,16.094601,0.018397533947577236,0.6420487335617524,2024-11-19
2024-11-19 15:23:00+05:30,23500.75,23500,221.45,,12.965544,23500,206.85,,15.979491,0.01822495026754465,0.5801520369448687,2024-11-19
2024-11-19 15:24:00+05:30,23503.9,23500,218.65,,12.654481,23500,202.7,,15.794059,0.017926812146069376,0.4501617445426629,2024-11-19
2024-11-19 15:25:00+05:30,23492.35,23500,216.2,,12.923434,23500,205.0,,15.591386,0.017929240795407867,0.5625546653093583,2024-11-19
2024-11-19 15:26:00+05:30,23492.6,23500,221.0,,13.243028,23500,211.05,,16.012752,0.018390897559231418,0.6961099821101052,2024-11-19
2024-11-19 15:27:00+05:30,23484.15,23500,220.3,,13.508551,23500,214.1,,15.953972,0.01849758241196722,0.8070695382434641,2024-11-19
2024-11-19 15:28:00+05:30,23473.05,23450,246.2,,13.844792,23450,196.7,,16.001022,0.01886844700624759,0.9475814792573748,2024-11-19
2024-11-19 15:29:00+05:30,23468.7,23450,245.55,,13.970228,23450,199.85,,16.085849,0.01897846919514076,1.0,2024-11-19
